analysis_id	region_id	region_kind	chromosome	start	end	source_genome_build	target_id	target_label	lead_variant_id	pvalue_threshold	n_variants_retained	region_policy_id
GCST005806	GCST005806__cis__001	cis	2	171555373	173628598	GRCh38	ENSG00000152256	PDK1	""	""	8419	cis-1mb_sig-trans-1mb_suggestive-leads
GCST005806	GCST005806__sig_trans__001	significant_trans	17	27048441	29470397	GRCh38	""	""	""	5e-08	6445	cis-1mb_sig-trans-1mb_suggestive-leads
GCST005806	GCST005806__suggestive__001	suggestive_trans	2	21360391	21360391	GRCh38	""	""	rs113066376	1e-05	1	cis-1mb_sig-trans-1mb_suggestive-leads
GCST005806	GCST005806__suggestive__002	suggestive_trans	2	27434814	27434814	GRCh38	""	""	rs77005271	1e-05	1	cis-1mb_sig-trans-1mb_suggestive-leads
GCST005806	GCST005806__suggestive__003	suggestive_trans	2	47058475	47058475	GRCh38	""	""	rs147955564	1e-05	1	cis-1mb_sig-trans-1mb_suggestive-leads
GCST005806	GCST005806__suggestive__004	suggestive_trans	2	114903581	114903581	GRCh38	""	""	rs72832456	1e-05	1	cis-1mb_sig-trans-1mb_suggestive-leads
GCST005806	GCST005806__suggestive__005	suggestive_trans	3	83105583	83105583	GRCh38	""	""	rs192329677	1e-05	1	cis-1mb_sig-trans-1mb_suggestive-leads
GCST005806	GCST005806__suggestive__006	suggestive_trans	3	153697598	153697598	GRCh38	""	""	rs61791052	1e-05	1	cis-1mb_sig-trans-1mb_suggestive-leads
GCST005806	GCST005806__suggestive__007	suggestive_trans	4	120474532	120474532	GRCh38	""	""	rs6825381	1e-05	1	cis-1mb_sig-trans-1mb_suggestive-leads
GCST005806	GCST005806__suggestive__008	suggestive_trans	4	168538163	168538163	GRCh38	""	""	rs28760293	1e-05	1	cis-1mb_sig-trans-1mb_suggestive-leads
GCST005806	GCST005806__suggestive__009	suggestive_trans	5	114166020	114166020	GRCh38	""	""	rs149309237	1e-05	1	cis-1mb_sig-trans-1mb_suggestive-leads
GCST005806	GCST005806__suggestive__010	suggestive_trans	7	21645609	21645609	GRCh38	""	""	rs73074141	1e-05	1	cis-1mb_sig-trans-1mb_suggestive-leads
GCST005806	GCST005806__suggestive__011	suggestive_trans	8	90278138	90278138	GRCh38	""	""	rs62532283	1e-05	1	cis-1mb_sig-trans-1mb_suggestive-leads
GCST005806	GCST005806__suggestive__012	suggestive_trans	8	98826303	98826303	GRCh38	""	""	rs3019294	1e-05	1	cis-1mb_sig-trans-1mb_suggestive-leads
GCST005806	GCST005806__suggestive__013	suggestive_trans	8	122989351	122989351	GRCh38	""	""	rs570199795	1e-05	1	cis-1mb_sig-trans-1mb_suggestive-leads
GCST005806	GCST005806__suggestive__014	suggestive_trans	9	126698845	126698845	GRCh38	""	""	rs10760451	1e-05	1	cis-1mb_sig-trans-1mb_suggestive-leads
GCST005806	GCST005806__suggestive__015	suggestive_trans	10	57605065	57605065	GRCh38	""	""	rs534853948	1e-05	1	cis-1mb_sig-trans-1mb_suggestive-leads
GCST005806	GCST005806__suggestive__016	suggestive_trans	10	57811219	57811219	GRCh38	""	""	rs149189745	1e-05	1	cis-1mb_sig-trans-1mb_suggestive-leads
GCST005806	GCST005806__suggestive__017	suggestive_trans	10	60183661	60183661	GRCh38	""	""	rs7073556	1e-05	1	cis-1mb_sig-trans-1mb_suggestive-leads
GCST005806	GCST005806__suggestive__018	suggestive_trans	10	77003208	77003208	GRCh38	""	""	rs11001965	1e-05	1	cis-1mb_sig-trans-1mb_suggestive-leads
GCST005806	GCST005806__suggestive__019	suggestive_trans	10	90873804	90873804	GRCh38	""	""	rs7101168	1e-05	1	cis-1mb_sig-trans-1mb_suggestive-leads
GCST005806	GCST005806__suggestive__020	suggestive_trans	10	129417880	129417880	GRCh38	""	""	rs180886103	1e-05	1	cis-1mb_sig-trans-1mb_suggestive-leads
GCST005806	GCST005806__suggestive__021	suggestive_trans	11	2563673	2563673	GRCh38	""	""	rs7101739	1e-05	1	cis-1mb_sig-trans-1mb_suggestive-leads
GCST005806	GCST005806__suggestive__022	suggestive_trans	11	56468526	56468526	GRCh38	""	""	rs753742868	1e-05	1	cis-1mb_sig-trans-1mb_suggestive-leads
GCST005806	GCST005806__suggestive__023	suggestive_trans	11	56614490	56614490	GRCh38	""	""	rs770233149	1e-05	1	cis-1mb_sig-trans-1mb_suggestive-leads
GCST005806	GCST005806__suggestive__024	suggestive_trans	11	122979108	122979108	GRCh38	""	""	rs7939002	1e-05	1	cis-1mb_sig-trans-1mb_suggestive-leads
GCST005806	GCST005806__suggestive__025	suggestive_trans	12	32397293	32397293	GRCh38	""	""	rs541895842	1e-05	1	cis-1mb_sig-trans-1mb_suggestive-leads
GCST005806	GCST005806__suggestive__026	suggestive_trans	13	38797141	38797141	GRCh38	""	""	rs35834663	1e-05	1	cis-1mb_sig-trans-1mb_suggestive-leads
GCST005806	GCST005806__suggestive__027	suggestive_trans	16	26997210	26997210	GRCh38	""	""	rs8045204	1e-05	1	cis-1mb_sig-trans-1mb_suggestive-leads
GCST005806	GCST005806__suggestive__028	suggestive_trans	16	78970304	78970304	GRCh38	""	""	rs184941935	1e-05	1	cis-1mb_sig-trans-1mb_suggestive-leads
GCST005806	GCST005806__suggestive__029	suggestive_trans	16	79234920	79234920	GRCh38	""	""	rs146422614	1e-05	1	cis-1mb_sig-trans-1mb_suggestive-leads
GCST005806	GCST005806__suggestive__030	suggestive_trans	18	3336149	3336149	GRCh38	""	""	rs7235146	1e-05	1	cis-1mb_sig-trans-1mb_suggestive-leads
GCST90240120	GCST90240120__cis__001	cis	17	49094737	51120276	GRCh38	ENSG00000005882	PDK2	""	""	6355	cis-1mb_sig-trans-1mb_suggestive-leads
GCST90240120	GCST90240120__suggestive__001	suggestive_trans	2	29998091	29998091	GRCh38	""	""	rs146972460	1e-05	1	cis-1mb_sig-trans-1mb_suggestive-leads
GCST90240120	GCST90240120__suggestive__002	suggestive_trans	2	50084263	50084263	GRCh38	""	""	rs182786229	1e-05	1	cis-1mb_sig-trans-1mb_suggestive-leads
GCST90240120	GCST90240120__suggestive__003	suggestive_trans	2	50442439	50442439	GRCh38	""	""	rs78407814	1e-05	1	cis-1mb_sig-trans-1mb_suggestive-leads
GCST90240120	GCST90240120__suggestive__004	suggestive_trans	2	103903501	103903501	GRCh38	""	""	rs2582965	1e-05	1	cis-1mb_sig-trans-1mb_suggestive-leads
GCST90240120	GCST90240120__suggestive__005	suggestive_trans	4	52875152	52875152	GRCh38	""	""	rs62336797	1e-05	1	cis-1mb_sig-trans-1mb_suggestive-leads
GCST90240120	GCST90240120__suggestive__006	suggestive_trans	5	21577925	21577925	GRCh38	""	""	rs58266455	1e-05	1	cis-1mb_sig-trans-1mb_suggestive-leads
GCST90240120	GCST90240120__suggestive__007	suggestive_trans	5	149430447	149430447	GRCh38	""	""	rs80026971	1e-05	1	cis-1mb_sig-trans-1mb_suggestive-leads
GCST90240120	GCST90240120__suggestive__008	suggestive_trans	6	154505499	154505499	GRCh38	""	""	rs112561976	1e-05	1	cis-1mb_sig-trans-1mb_suggestive-leads
GCST90240120	GCST90240120__suggestive__009	suggestive_trans	7	54990636	54990636	GRCh38	""	""	rs1558539	1e-05	1	cis-1mb_sig-trans-1mb_suggestive-leads
GCST90240120	GCST90240120__suggestive__010	suggestive_trans	7	81103662	81103662	GRCh38	""	""	rs60552070	1e-05	1	cis-1mb_sig-trans-1mb_suggestive-leads
GCST90240120	GCST90240120__suggestive__011	suggestive_trans	8	3006026	3006026	GRCh38	""	""	rs529272184	1e-05	1	cis-1mb_sig-trans-1mb_suggestive-leads
GCST90240120	GCST90240120__suggestive__012	suggestive_trans	8	97287081	97287081	GRCh38	""	""	rs575434175	1e-05	1	cis-1mb_sig-trans-1mb_suggestive-leads
GCST90240120	GCST90240120__suggestive__013	suggestive_trans	10	53781159	53781159	GRCh38	""	""	rs139863811	1e-05	1	cis-1mb_sig-trans-1mb_suggestive-leads
GCST90240120	GCST90240120__suggestive__014	suggestive_trans	10	127135643	127135643	GRCh38	""	""	rs182798660	1e-05	1	cis-1mb_sig-trans-1mb_suggestive-leads
GCST90240120	GCST90240120__suggestive__015	suggestive_trans	11	18506698	18506698	GRCh38	""	""	rs72871738	1e-05	1	cis-1mb_sig-trans-1mb_suggestive-leads
GCST90240120	GCST90240120__suggestive__016	suggestive_trans	11	40545608	40545608	GRCh38	""	""	rs12294187	1e-05	1	cis-1mb_sig-trans-1mb_suggestive-leads
GCST90240120	GCST90240120__suggestive__017	suggestive_trans	12	88596364	88596364	GRCh38	""	""	rs117166953	1e-05	1	cis-1mb_sig-trans-1mb_suggestive-leads
GCST90240120	GCST90240120__suggestive__018	suggestive_trans	13	45050168	45050168	GRCh38	""	""	rs561275616	1e-05	1	cis-1mb_sig-trans-1mb_suggestive-leads
GCST90240120	GCST90240120__suggestive__019	suggestive_trans	13	101852594	101852594	GRCh38	""	""	rs35035752	1e-05	1	cis-1mb_sig-trans-1mb_suggestive-leads
GCST90240120	GCST90240120__suggestive__020	suggestive_trans	13	102529336	102529336	GRCh38	""	""	rs117679690	1e-05	1	cis-1mb_sig-trans-1mb_suggestive-leads
GCST90240120	GCST90240120__suggestive__021	suggestive_trans	14	38555489	38555489	GRCh38	""	""	rs8018589	1e-05	1	cis-1mb_sig-trans-1mb_suggestive-leads
GCST90240120	GCST90240120__suggestive__022	suggestive_trans	16	17803401	17803401	GRCh38	""	""	rs149393631	1e-05	1	cis-1mb_sig-trans-1mb_suggestive-leads
GCST90240120	GCST90240120__suggestive__023	suggestive_trans	17	8686644	8686644	GRCh38	""	""	rs9906305	1e-05	1	cis-1mb_sig-trans-1mb_suggestive-leads
GCST90240120	GCST90240120__suggestive__024	suggestive_trans	18	75225158	75225158	GRCh38	""	""	rs960551	1e-05	1	cis-1mb_sig-trans-1mb_suggestive-leads
GCST90240120	GCST90240120__suggestive__025	suggestive_trans	19	27961958	27961958	GRCh38	""	""	rs8104722	1e-05	1	cis-1mb_sig-trans-1mb_suggestive-leads
GCST90240120	GCST90240120__suggestive__026	suggestive_trans	19	53828417	53828417	GRCh38	""	""	rs11671984	1e-05	1	cis-1mb_sig-trans-1mb_suggestive-leads
GCST90240120	GCST90240120__suggestive__027	suggestive_trans	21	32857422	32857422	GRCh38	""	""	rs149422088	1e-05	1	cis-1mb_sig-trans-1mb_suggestive-leads
GCST90240120	GCST90240120__suggestive__028	suggestive_trans	21	33632391	33632391	GRCh38	""	""	rs117277407	1e-05	1	cis-1mb_sig-trans-1mb_suggestive-leads
GCST90240120	GCST90240120__suggestive__029	suggestive_trans	21	42618253	42618253	GRCh38	""	""	rs73229520	1e-05	1	cis-1mb_sig-trans-1mb_suggestive-leads
GCST90240121	GCST90240121__cis__001	cis	20	40136931	42196801	GRCh38	ENSG00000124181	PLCG1	""	""	6997	cis-1mb_sig-trans-1mb_suggestive-leads
GCST90240121	GCST90240121__sig_trans__001	significant_trans	19	52803045	54836078	GRCh38	""	""	""	5e-08	10625	cis-1mb_sig-trans-1mb_suggestive-leads
GCST90240121	GCST90240121__suggestive__001	suggestive_trans	1	1957917	1957917	GRCh38	""	""	rs36018191	1e-05	1	cis-1mb_sig-trans-1mb_suggestive-leads
GCST90240121	GCST90240121__suggestive__002	suggestive_trans	1	200278377	200278377	GRCh38	""	""	rs181786093	1e-05	1	cis-1mb_sig-trans-1mb_suggestive-leads
GCST90240121	GCST90240121__suggestive__003	suggestive_trans	1	227892894	227892894	GRCh38	""	""	rs147246401	1e-05	1	cis-1mb_sig-trans-1mb_suggestive-leads
GCST90240121	GCST90240121__suggestive__004	suggestive_trans	2	62715240	62715240	GRCh38	""	""	rs367773655	1e-05	1	cis-1mb_sig-trans-1mb_suggestive-leads
GCST90240121	GCST90240121__suggestive__005	suggestive_trans	2	191086295	191086295	GRCh38	""	""	rs111446773	1e-05	1	cis-1mb_sig-trans-1mb_suggestive-leads
GCST90240121	GCST90240121__suggestive__006	suggestive_trans	3	30385099	30385099	GRCh38	""	""	rs116477971	1e-05	1	cis-1mb_sig-trans-1mb_suggestive-leads
GCST90240121	GCST90240121__suggestive__007	suggestive_trans	3	134394654	134394654	GRCh38	""	""	rs534735024	1e-05	1	cis-1mb_sig-trans-1mb_suggestive-leads
GCST90240121	GCST90240121__suggestive__008	suggestive_trans	4	77155113	77155113	GRCh38	""	""	rs72648517	1e-05	1	cis-1mb_sig-trans-1mb_suggestive-leads
GCST90240121	GCST90240121__suggestive__009	suggestive_trans	5	40686897	40686897	GRCh38	""	""	rs45575639	1e-05	1	cis-1mb_sig-trans-1mb_suggestive-leads
GCST90240121	GCST90240121__suggestive__010	suggestive_trans	5	40972109	40972109	GRCh38	""	""	rs74480769	1e-05	1	cis-1mb_sig-trans-1mb_suggestive-leads
GCST90240121	GCST90240121__suggestive__011	suggestive_trans	5	94485630	94485630	GRCh38	""	""	rs146032759	1e-05	1	cis-1mb_sig-trans-1mb_suggestive-leads
GCST90240121	GCST90240121__suggestive__012	suggestive_trans	5	102017168	102017168	GRCh38	""	""	rs557507238	1e-05	1	cis-1mb_sig-trans-1mb_suggestive-leads
GCST90240121	GCST90240121__suggestive__013	suggestive_trans	5	166368365	166368365	GRCh38	""	""	rs115444259	1e-05	1	cis-1mb_sig-trans-1mb_suggestive-leads
GCST90240121	GCST90240121__suggestive__014	suggestive_trans	6	1426513	1426513	GRCh38	""	""	rs1008883	1e-05	1	cis-1mb_sig-trans-1mb_suggestive-leads
GCST90240121	GCST90240121__suggestive__015	suggestive_trans	6	27951557	27951557	GRCh38	""	""	rs193227599	1e-05	1	cis-1mb_sig-trans-1mb_suggestive-leads
GCST90240121	GCST90240121__suggestive__016	suggestive_trans	6	28092955	28092955	GRCh38	""	""	rs535912464	1e-05	1	cis-1mb_sig-trans-1mb_suggestive-leads
GCST90240121	GCST90240121__suggestive__017	suggestive_trans	6	28612963	28612963	GRCh38	""	""	rs189702750	1e-05	1	cis-1mb_sig-trans-1mb_suggestive-leads
GCST90240121	GCST90240121__suggestive__018	suggestive_trans	6	119835059	119835059	GRCh38	""	""	rs140874735	1e-05	1	cis-1mb_sig-trans-1mb_suggestive-leads
GCST90240121	GCST90240121__suggestive__019	suggestive_trans	6	122914766	122914766	GRCh38	""	""	rs139905253	1e-05	1	cis-1mb_sig-trans-1mb_suggestive-leads
GCST90240121	GCST90240121__suggestive__020	suggestive_trans	6	128394327	128394327	GRCh38	""	""	rs118066116	1e-05	1	cis-1mb_sig-trans-1mb_suggestive-leads
GCST90240121	GCST90240121__suggestive__021	suggestive_trans	8	4418788	4418788	GRCh38	""	""	rs35694084	1e-05	1	cis-1mb_sig-trans-1mb_suggestive-leads
GCST90240121	GCST90240121__suggestive__022	suggestive_trans	8	32292888	32292888	GRCh38	""	""	rs191993614	1e-05	1	cis-1mb_sig-trans-1mb_suggestive-leads
GCST90240121	GCST90240121__suggestive__023	suggestive_trans	9	16676488	16676488	GRCh38	""	""	rs7871223	1e-05	1	cis-1mb_sig-trans-1mb_suggestive-leads
GCST90240121	GCST90240121__suggestive__024	suggestive_trans	9	74220254	74220254	GRCh38	""	""	rs140106337	1e-05	1	cis-1mb_sig-trans-1mb_suggestive-leads
GCST90240121	GCST90240121__suggestive__025	suggestive_trans	9	81152019	81152019	GRCh38	""	""	rs2809848	1e-05	1	cis-1mb_sig-trans-1mb_suggestive-leads
GCST90240121	GCST90240121__suggestive__026	suggestive_trans	10	44961613	44961613	GRCh38	""	""	rs7902613	1e-05	1	cis-1mb_sig-trans-1mb_suggestive-leads
GCST90240121	GCST90240121__suggestive__027	suggestive_trans	10	79962303	79962303	GRCh38	""	""	rs35516176	1e-05	1	cis-1mb_sig-trans-1mb_suggestive-leads
GCST90240121	GCST90240121__suggestive__028	suggestive_trans	11	33577578	33577578	GRCh38	""	""	rs61888299	1e-05	1	cis-1mb_sig-trans-1mb_suggestive-leads
GCST90240121	GCST90240121__suggestive__029	suggestive_trans	12	7229101	7229101	GRCh38	""	""	rs11045795	1e-05	1	cis-1mb_sig-trans-1mb_suggestive-leads
GCST90240121	GCST90240121__suggestive__030	suggestive_trans	12	67107448	67107448	GRCh38	""	""	rs61917828	1e-05	1	cis-1mb_sig-trans-1mb_suggestive-leads
GCST90240121	GCST90240121__suggestive__031	suggestive_trans	13	75974254	75974254	GRCh38	""	""	rs145486666	1e-05	1	cis-1mb_sig-trans-1mb_suggestive-leads
GCST90240121	GCST90240121__suggestive__032	suggestive_trans	13	105235311	105235311	GRCh38	""	""	rs188494955	1e-05	1	cis-1mb_sig-trans-1mb_suggestive-leads
GCST90240121	GCST90240121__suggestive__033	suggestive_trans	13	105608820	105608820	GRCh38	""	""	rs149449054	1e-05	1	cis-1mb_sig-trans-1mb_suggestive-leads
GCST90240121	GCST90240121__suggestive__034	suggestive_trans	14	64338978	64338978	GRCh38	""	""	rs186918491	1e-05	1	cis-1mb_sig-trans-1mb_suggestive-leads
GCST90240121	GCST90240121__suggestive__035	suggestive_trans	14	100846953	100846953	GRCh38	""	""	rs117678232	1e-05	1	cis-1mb_sig-trans-1mb_suggestive-leads
GCST90240121	GCST90240121__suggestive__036	suggestive_trans	15	88945905	88945905	GRCh38	""	""	rs542636502	1e-05	1	cis-1mb_sig-trans-1mb_suggestive-leads
GCST90240121	GCST90240121__suggestive__037	suggestive_trans	15	97791433	97791433	GRCh38	""	""	rs11629877	1e-05	1	cis-1mb_sig-trans-1mb_suggestive-leads
GCST90240121	GCST90240121__suggestive__038	suggestive_trans	16	63483507	63483507	GRCh38	""	""	rs146776982	1e-05	1	cis-1mb_sig-trans-1mb_suggestive-leads
GCST90240121	GCST90240121__suggestive__039	suggestive_trans	16	72181075	72181075	GRCh38	""	""	rs217179	1e-05	1	cis-1mb_sig-trans-1mb_suggestive-leads
GCST90240121	GCST90240121__suggestive__040	suggestive_trans	16	79989372	79989372	GRCh38	""	""	rs75887628	1e-05	1	cis-1mb_sig-trans-1mb_suggestive-leads
GCST90240121	GCST90240121__suggestive__041	suggestive_trans	17	9089330	9089330	GRCh38	""	""	rs143315264	1e-05	1	cis-1mb_sig-trans-1mb_suggestive-leads
GCST90240121	GCST90240121__suggestive__042	suggestive_trans	18	59708353	59708353	GRCh38	""	""	rs2852360	1e-05	1	cis-1mb_sig-trans-1mb_suggestive-leads
GCST90240121	GCST90240121__suggestive__043	suggestive_trans	19	2638038	2638038	GRCh38	""	""	rs115201386	1e-05	1	cis-1mb_sig-trans-1mb_suggestive-leads
GCST90240121	GCST90240121__suggestive__044	suggestive_trans	21	40687139	40687139	GRCh38	""	""	rs9653728	1e-05	1	cis-1mb_sig-trans-1mb_suggestive-leads
GCST90240121	GCST90240121__suggestive__045	suggestive_trans	22	41396637	41396637	GRCh38	""	""	rs5758327	1e-05	1	cis-1mb_sig-trans-1mb_suggestive-leads
GCST90240122	GCST90240122__cis__001	cis	17	344275	2400326	GRCh38	ENSG00000108953	YWHAE	""	""	9506	cis-1mb_sig-trans-1mb_suggestive-leads
GCST90240122	GCST90240122__suggestive__001	suggestive_trans	1	27422579	27422579	GRCh38	""	""	rs542146400	1e-05	1	cis-1mb_sig-trans-1mb_suggestive-leads
GCST90240122	GCST90240122__suggestive__002	suggestive_trans	2	61944827	61944827	GRCh38	""	""	rs62149906	1e-05	1	cis-1mb_sig-trans-1mb_suggestive-leads
GCST90240122	GCST90240122__suggestive__003	suggestive_trans	2	62101613	62101613	GRCh38	""	""	rs530021423	1e-05	1	cis-1mb_sig-trans-1mb_suggestive-leads
GCST90240122	GCST90240122__suggestive__004	suggestive_trans	2	155452537	155452537	GRCh38	""	""	rs142807993	1e-05	1	cis-1mb_sig-trans-1mb_suggestive-leads
GCST90240122	GCST90240122__suggestive__005	suggestive_trans	3	40249884	40249884	GRCh38	""	""	rs114588872	1e-05	1	cis-1mb_sig-trans-1mb_suggestive-leads
GCST90240122	GCST90240122__suggestive__006	suggestive_trans	3	72365664	72365664	GRCh38	""	""	rs112052641	1e-05	1	cis-1mb_sig-trans-1mb_suggestive-leads
GCST90240122	GCST90240122__suggestive__007	suggestive_trans	3	119004691	119004691	GRCh38	""	""	rs566218986	1e-05	1	cis-1mb_sig-trans-1mb_suggestive-leads
GCST90240122	GCST90240122__suggestive__008	suggestive_trans	3	186787917	186787917	GRCh38	""	""	rs12630327	1e-05	1	cis-1mb_sig-trans-1mb_suggestive-leads
GCST90240122	GCST90240122__suggestive__009	suggestive_trans	4	104109452	104109452	GRCh38	""	""	rs189213194	1e-05	1	cis-1mb_sig-trans-1mb_suggestive-leads
GCST90240122	GCST90240122__suggestive__010	suggestive_trans	4	183723930	183723930	GRCh38	""	""	rs36097364	1e-05	1	cis-1mb_sig-trans-1mb_suggestive-leads
GCST90240122	GCST90240122__suggestive__011	suggestive_trans	5	141159722	141159722	GRCh38	""	""	rs146662030	1e-05	1	cis-1mb_sig-trans-1mb_suggestive-leads
GCST90240122	GCST90240122__suggestive__012	suggestive_trans	7	7893998	7893998	GRCh38	""	""	rs79852560	1e-05	1	cis-1mb_sig-trans-1mb_suggestive-leads
GCST90240122	GCST90240122__suggestive__013	suggestive_trans	7	32559204	32559204	GRCh38	""	""	rs52793627	1e-05	1	cis-1mb_sig-trans-1mb_suggestive-leads
GCST90240122	GCST90240122__suggestive__014	suggestive_trans	7	49243283	49243283	GRCh38	""	""	rs62456198	1e-05	1	cis-1mb_sig-trans-1mb_suggestive-leads
GCST90240122	GCST90240122__suggestive__015	suggestive_trans	7	49365957	49365957	GRCh38	""	""	rs62454347	1e-05	1	cis-1mb_sig-trans-1mb_suggestive-leads
GCST90240122	GCST90240122__suggestive__016	suggestive_trans	7	147508728	147508728	GRCh38	""	""	rs59576889	1e-05	1	cis-1mb_sig-trans-1mb_suggestive-leads
GCST90240122	GCST90240122__suggestive__017	suggestive_trans	8	59336206	59336206	GRCh38	""	""	rs147872600	1e-05	1	cis-1mb_sig-trans-1mb_suggestive-leads
GCST90240122	GCST90240122__suggestive__018	suggestive_trans	8	76782443	76782443	GRCh38	""	""	rs148765948	1e-05	1	cis-1mb_sig-trans-1mb_suggestive-leads
GCST90240122	GCST90240122__suggestive__019	suggestive_trans	9	32217280	32217280	GRCh38	""	""	rs4878488	1e-05	1	cis-1mb_sig-trans-1mb_suggestive-leads
GCST90240122	GCST90240122__suggestive__020	suggestive_trans	9	86486668	86486668	GRCh38	""	""	rs353783	1e-05	1	cis-1mb_sig-trans-1mb_suggestive-leads
GCST90240122	GCST90240122__suggestive__021	suggestive_trans	9	90294830	90294830	GRCh38	""	""	rs2890390	1e-05	1	cis-1mb_sig-trans-1mb_suggestive-leads
GCST90240122	GCST90240122__suggestive__022	suggestive_trans	9	98371096	98371096	GRCh38	""	""	rs568982	1e-05	1	cis-1mb_sig-trans-1mb_suggestive-leads
GCST90240122	GCST90240122__suggestive__023	suggestive_trans	9	129774521	129774521	GRCh38	""	""	rs780419356	1e-05	1	cis-1mb_sig-trans-1mb_suggestive-leads
GCST90240122	GCST90240122__suggestive__024	suggestive_trans	11	109994875	109994875	GRCh38	""	""	rs149626110	1e-05	1	cis-1mb_sig-trans-1mb_suggestive-leads
GCST90240122	GCST90240122__suggestive__025	suggestive_trans	14	83584403	83584403	GRCh38	""	""	rs146927232	1e-05	1	cis-1mb_sig-trans-1mb_suggestive-leads
GCST90240122	GCST90240122__suggestive__026	suggestive_trans	14	106223762	106223762	GRCh38	""	""	rs575151541	1e-05	1	cis-1mb_sig-trans-1mb_suggestive-leads
GCST90240122	GCST90240122__suggestive__027	suggestive_trans	15	88067891	88067891	GRCh38	""	""	rs1824553	1e-05	1	cis-1mb_sig-trans-1mb_suggestive-leads
GCST90240122	GCST90240122__suggestive__028	suggestive_trans	16	5354838	5354838	GRCh38	""	""	rs4786676	1e-05	1	cis-1mb_sig-trans-1mb_suggestive-leads
GCST90240122	GCST90240122__suggestive__029	suggestive_trans	20	46254577	46254577	GRCh38	""	""	rs113887008	1e-05	1	cis-1mb_sig-trans-1mb_suggestive-leads
GCST90240123	GCST90240123__cis__001	cis	22	30944465	32957603	GRCh38	ENSG00000128245	YWHAH	""	""	8293	cis-1mb_sig-trans-1mb_suggestive-leads
GCST90240123	GCST90240123__sig_trans__001	significant_trans	19	52790387	54842971	GRCh38	""	""	""	5e-08	10697	cis-1mb_sig-trans-1mb_suggestive-leads
GCST90240123	GCST90240123__suggestive__001	suggestive_trans	1	77951323	77951323	GRCh38	""	""	rs571377112	1e-05	1	cis-1mb_sig-trans-1mb_suggestive-leads
GCST90240123	GCST90240123__suggestive__002	suggestive_trans	1	205364696	205364696	GRCh38	""	""	rs145301517	1e-05	1	cis-1mb_sig-trans-1mb_suggestive-leads
GCST90240123	GCST90240123__suggestive__003	suggestive_trans	2	25732044	25732044	GRCh38	""	""	rs13001419	1e-05	1	cis-1mb_sig-trans-1mb_suggestive-leads
GCST90240123	GCST90240123__suggestive__004	suggestive_trans	2	152728111	152728111	GRCh38	""	""	rs71417238	1e-05	1	cis-1mb_sig-trans-1mb_suggestive-leads
GCST90240123	GCST90240123__suggestive__005	suggestive_trans	2	239578555	239578555	GRCh38	""	""	rs59626274	1e-05	1	cis-1mb_sig-trans-1mb_suggestive-leads
GCST90240123	GCST90240123__suggestive__006	suggestive_trans	3	97637556	97637556	GRCh38	""	""	rs16838846	1e-05	1	cis-1mb_sig-trans-1mb_suggestive-leads
GCST90240123	GCST90240123__suggestive__007	suggestive_trans	4	12654489	12654489	GRCh38	""	""	rs77903926	1e-05	1	cis-1mb_sig-trans-1mb_suggestive-leads
GCST90240123	GCST90240123__suggestive__008	suggestive_trans	5	13427461	13427461	GRCh38	""	""	rs556898616	1e-05	1	cis-1mb_sig-trans-1mb_suggestive-leads
GCST90240123	GCST90240123__suggestive__009	suggestive_trans	5	104922529	104922529	GRCh38	""	""	rs78351425	1e-05	1	cis-1mb_sig-trans-1mb_suggestive-leads
GCST90240123	GCST90240123__suggestive__010	suggestive_trans	6	31530426	31530426	GRCh38	""	""	rs10819	1e-05	1	cis-1mb_sig-trans-1mb_suggestive-leads
GCST90240123	GCST90240123__suggestive__011	suggestive_trans	7	81584814	81584814	GRCh38	""	""	rs2367532	1e-05	1	cis-1mb_sig-trans-1mb_suggestive-leads
GCST90240123	GCST90240123__suggestive__012	suggestive_trans	8	10641583	10641583	GRCh38	""	""	rs10090879	1e-05	1	cis-1mb_sig-trans-1mb_suggestive-leads
GCST90240123	GCST90240123__suggestive__013	suggestive_trans	8	95193692	95193692	GRCh38	""	""	rs998980	1e-05	1	cis-1mb_sig-trans-1mb_suggestive-leads
GCST90240123	GCST90240123__suggestive__014	suggestive_trans	8	120882278	120882278	GRCh38	""	""	rs28483602	1e-05	1	cis-1mb_sig-trans-1mb_suggestive-leads
GCST90240123	GCST90240123__suggestive__015	suggestive_trans	8	139909468	139909468	GRCh38	""	""	rs149721368	1e-05	1	cis-1mb_sig-trans-1mb_suggestive-leads
GCST90240123	GCST90240123__suggestive__016	suggestive_trans	9	131036211	131036211	GRCh38	""	""	rs2275132	1e-05	1	cis-1mb_sig-trans-1mb_suggestive-leads
GCST90240123	GCST90240123__suggestive__017	suggestive_trans	9	133244309	133244309	GRCh38	""	""	rs117397870	1e-05	1	cis-1mb_sig-trans-1mb_suggestive-leads
GCST90240123	GCST90240123__suggestive__018	suggestive_trans	11	73937073	73937073	GRCh38	""	""	rs191174908	1e-05	1	cis-1mb_sig-trans-1mb_suggestive-leads
GCST90240123	GCST90240123__suggestive__019	suggestive_trans	13	101354271	101354271	GRCh38	""	""	rs113507917	1e-05	1	cis-1mb_sig-trans-1mb_suggestive-leads
GCST90240123	GCST90240123__suggestive__020	suggestive_trans	13	103205908	103205908	GRCh38	""	""	rs73573642	1e-05	1	cis-1mb_sig-trans-1mb_suggestive-leads
GCST90240123	GCST90240123__suggestive__021	suggestive_trans	14	50433357	50433357	GRCh38	""	""	rs143703910	1e-05	1	cis-1mb_sig-trans-1mb_suggestive-leads
GCST90240123	GCST90240123__suggestive__022	suggestive_trans	14	50614969	50614969	GRCh38	""	""	rs151142907	1e-05	1	cis-1mb_sig-trans-1mb_suggestive-leads
GCST90240123	GCST90240123__suggestive__023	suggestive_trans	14	50727297	50727297	GRCh38	""	""	rs141552992	1e-05	1	cis-1mb_sig-trans-1mb_suggestive-leads
GCST90240123	GCST90240123__suggestive__024	suggestive_trans	16	7055832	7055832	GRCh38	""	""	rs34539602	1e-05	1	cis-1mb_sig-trans-1mb_suggestive-leads
GCST90240123	GCST90240123__suggestive__025	suggestive_trans	16	35643344	35643344	GRCh38	""	""	rs55872932	1e-05	1	cis-1mb_sig-trans-1mb_suggestive-leads
GCST90240123	GCST90240123__suggestive__026	suggestive_trans	17	4371834	4371834	GRCh38	""	""	rs77171544	1e-05	1	cis-1mb_sig-trans-1mb_suggestive-leads
GCST90240123	GCST90240123__suggestive__027	suggestive_trans	17	57550125	57550125	GRCh38	""	""	rs146799173	1e-05	1	cis-1mb_sig-trans-1mb_suggestive-leads
GCST90240123	GCST90240123__suggestive__028	suggestive_trans	21	26717774	26717774	GRCh38	""	""	rs145784905	1e-05	1	cis-1mb_sig-trans-1mb_suggestive-leads
GCST90240124	GCST90240124__cis__001	cis	1	25863149	27864456	GRCh38	ENSG00000175793	SFN	""	""	4830	cis-1mb_sig-trans-1mb_suggestive-leads
GCST90240124	GCST90240124__sig_trans__001	significant_trans	4	185218785	187257633	GRCh38	""	""	""	5e-08	9679	cis-1mb_sig-trans-1mb_suggestive-leads
GCST90240124	GCST90240124__sig_trans__002	significant_trans	8	133134050	135134050	GRCh38	""	""	""	5e-08	9012	cis-1mb_sig-trans-1mb_suggestive-leads
GCST90240124	GCST90240124__suggestive__001	suggestive_trans	1	152618937	152618937	GRCh38	""	""	rs1853806	1e-05	1	cis-1mb_sig-trans-1mb_suggestive-leads
GCST90240124	GCST90240124__suggestive__002	suggestive_trans	2	4355339	4355339	GRCh38	""	""	rs2314702	1e-05	1	cis-1mb_sig-trans-1mb_suggestive-leads
GCST90240124	GCST90240124__suggestive__003	suggestive_trans	2	183634997	183634997	GRCh38	""	""	rs12693351	1e-05	1	cis-1mb_sig-trans-1mb_suggestive-leads
GCST90240124	GCST90240124__suggestive__004	suggestive_trans	2	234972123	234972123	GRCh38	""	""	rs111817009	1e-05	1	cis-1mb_sig-trans-1mb_suggestive-leads
GCST90240124	GCST90240124__suggestive__005	suggestive_trans	3	117029480	117029480	GRCh38	""	""	rs151244741	1e-05	1	cis-1mb_sig-trans-1mb_suggestive-leads
GCST90240124	GCST90240124__suggestive__006	suggestive_trans	4	93666396	93666396	GRCh38	""	""	rs149640868	1e-05	1	cis-1mb_sig-trans-1mb_suggestive-leads
GCST90240124	GCST90240124__suggestive__007	suggestive_trans	5	150291213	150291213	GRCh38	""	""	rs77429758	1e-05	1	cis-1mb_sig-trans-1mb_suggestive-leads
GCST90240124	GCST90240124__suggestive__008	suggestive_trans	6	77025638	77025638	GRCh38	""	""	rs185668545	1e-05	1	cis-1mb_sig-trans-1mb_suggestive-leads
GCST90240124	GCST90240124__suggestive__009	suggestive_trans	6	77128336	77128336	GRCh38	""	""	rs79517712	1e-05	1	cis-1mb_sig-trans-1mb_suggestive-leads
GCST90240124	GCST90240124__suggestive__010	suggestive_trans	6	141935593	141935593	GRCh38	""	""	rs11355259	1e-05	1	cis-1mb_sig-trans-1mb_suggestive-leads
GCST90240124	GCST90240124__suggestive__011	suggestive_trans	7	9872514	9872514	GRCh38	""	""	rs141898419	1e-05	1	cis-1mb_sig-trans-1mb_suggestive-leads
GCST90240124	GCST90240124__suggestive__012	suggestive_trans	11	59836421	59836421	GRCh38	""	""	rs558660	1e-05	1	cis-1mb_sig-trans-1mb_suggestive-leads
GCST90240124	GCST90240124__suggestive__013	suggestive_trans	11	76191874	76191874	GRCh38	""	""	rs202076297	1e-05	1	cis-1mb_sig-trans-1mb_suggestive-leads
GCST90240124	GCST90240124__suggestive__014	suggestive_trans	11	86666307	86666307	GRCh38	""	""	rs556154891	1e-05	1	cis-1mb_sig-trans-1mb_suggestive-leads
GCST90240124	GCST90240124__suggestive__015	suggestive_trans	12	25378059	25378059	GRCh38	""	""	rs577201063	1e-05	1	cis-1mb_sig-trans-1mb_suggestive-leads
GCST90240124	GCST90240124__suggestive__016	suggestive_trans	12	116733463	116733463	GRCh38	""	""	rs182548032	1e-05	1	cis-1mb_sig-trans-1mb_suggestive-leads
GCST90240124	GCST90240124__suggestive__017	suggestive_trans	13	71116214	71116214	GRCh38	""	""	rs117630851	1e-05	1	cis-1mb_sig-trans-1mb_suggestive-leads
GCST90240124	GCST90240124__suggestive__018	suggestive_trans	14	73187618	73187618	GRCh38	""	""	rs76809297	1e-05	1	cis-1mb_sig-trans-1mb_suggestive-leads
GCST90240124	GCST90240124__suggestive__019	suggestive_trans	15	70540532	70540532	GRCh38	""	""	rs546332606	1e-05	1	cis-1mb_sig-trans-1mb_suggestive-leads
GCST90240124	GCST90240124__suggestive__020	suggestive_trans	15	100603790	100603790	GRCh38	""	""	rs12442691	1e-05	1	cis-1mb_sig-trans-1mb_suggestive-leads
GCST90240124	GCST90240124__suggestive__021	suggestive_trans	16	854551	854551	GRCh38	""	""	rs4984948	1e-05	1	cis-1mb_sig-trans-1mb_suggestive-leads
GCST90240124	GCST90240124__suggestive__022	suggestive_trans	16	23766000	23766000	GRCh38	""	""	rs142573043	1e-05	1	cis-1mb_sig-trans-1mb_suggestive-leads
GCST90240124	GCST90240124__suggestive__023	suggestive_trans	17	31979066	31979066	GRCh38	""	""	rs180833070	1e-05	1	cis-1mb_sig-trans-1mb_suggestive-leads
GCST90240124	GCST90240124__suggestive__024	suggestive_trans	17	32190818	32190818	GRCh38	""	""	rs144468302	1e-05	1	cis-1mb_sig-trans-1mb_suggestive-leads
GCST90240124	GCST90240124__suggestive__025	suggestive_trans	17	76467306	76467306	GRCh38	""	""	rs4238989	1e-05	1	cis-1mb_sig-trans-1mb_suggestive-leads
GCST90240124	GCST90240124__suggestive__026	suggestive_trans	18	8418986	8418986	GRCh38	""	""	rs34698872	1e-05	1	cis-1mb_sig-trans-1mb_suggestive-leads
GCST90240124	GCST90240124__suggestive__027	suggestive_trans	19	999440	999440	GRCh38	""	""	rs112661396	1e-05	1	cis-1mb_sig-trans-1mb_suggestive-leads
GCST90240124	GCST90240124__suggestive__028	suggestive_trans	19	47707464	47707464	GRCh38	""	""	rs76376053	1e-05	1	cis-1mb_sig-trans-1mb_suggestive-leads
GCST90240124	GCST90240124__suggestive__029	suggestive_trans	20	61557843	61557843	GRCh38	""	""	rs16985218	1e-05	1	cis-1mb_sig-trans-1mb_suggestive-leads
GCST90240124	GCST90240124__suggestive__030	suggestive_trans	22	38540559	38540559	GRCh38	""	""	rs192203931	1e-05	1	cis-1mb_sig-trans-1mb_suggestive-leads
GCST90240125	GCST90240125__cis__001	cis	2	8583334	10639472	GRCh38	ENSG00000134308	YWHAQ	""	""	8105	cis-1mb_sig-trans-1mb_suggestive-leads
GCST90240125	GCST90240125__suggestive__001	suggestive_trans	1	66320943	66320943	GRCh38	""	""	rs115190342	1e-05	1	cis-1mb_sig-trans-1mb_suggestive-leads
GCST90240125	GCST90240125__suggestive__002	suggestive_trans	1	112346016	112346016	GRCh38	""	""	rs148815603	1e-05	1	cis-1mb_sig-trans-1mb_suggestive-leads
GCST90240125	GCST90240125__suggestive__003	suggestive_trans	2	7217597	7217597	GRCh38	""	""	rs62104666	1e-05	1	cis-1mb_sig-trans-1mb_suggestive-leads
GCST90240125	GCST90240125__suggestive__004	suggestive_trans	2	18076744	18076744	GRCh38	""	""	rs538509000	1e-05	1	cis-1mb_sig-trans-1mb_suggestive-leads
GCST90240125	GCST90240125__suggestive__005	suggestive_trans	2	24899284	24899284	GRCh38	""	""	rs77458009	1e-05	1	cis-1mb_sig-trans-1mb_suggestive-leads
GCST90240125	GCST90240125__suggestive__006	suggestive_trans	2	25014809	25014809	GRCh38	""	""	rs115327776	1e-05	1	cis-1mb_sig-trans-1mb_suggestive-leads
GCST90240125	GCST90240125__suggestive__007	suggestive_trans	2	61421795	61421795	GRCh38	""	""	rs561759824	1e-05	1	cis-1mb_sig-trans-1mb_suggestive-leads
GCST90240125	GCST90240125__suggestive__008	suggestive_trans	2	199099349	199099349	GRCh38	""	""	rs575354780	1e-05	1	cis-1mb_sig-trans-1mb_suggestive-leads
GCST90240125	GCST90240125__suggestive__009	suggestive_trans	2	199476425	199476425	GRCh38	""	""	rs140847435	1e-05	1	cis-1mb_sig-trans-1mb_suggestive-leads
GCST90240125	GCST90240125__suggestive__010	suggestive_trans	3	55976674	55976674	GRCh38	""	""	rs11713228	1e-05	1	cis-1mb_sig-trans-1mb_suggestive-leads
GCST90240125	GCST90240125__suggestive__011	suggestive_trans	3	124903751	124903751	GRCh38	""	""	rs139790197	1e-05	1	cis-1mb_sig-trans-1mb_suggestive-leads
GCST90240125	GCST90240125__suggestive__012	suggestive_trans	5	146484288	146484288	GRCh38	""	""	rs186131299	1e-05	1	cis-1mb_sig-trans-1mb_suggestive-leads
GCST90240125	GCST90240125__suggestive__013	suggestive_trans	6	14021975	14021975	GRCh38	""	""	rs192034050	1e-05	1	cis-1mb_sig-trans-1mb_suggestive-leads
GCST90240125	GCST90240125__suggestive__014	suggestive_trans	6	48534667	48534667	GRCh38	""	""	rs144646606	1e-05	1	cis-1mb_sig-trans-1mb_suggestive-leads
GCST90240125	GCST90240125__suggestive__015	suggestive_trans	6	52421890	52421890	GRCh38	""	""	rs80167352	1e-05	1	cis-1mb_sig-trans-1mb_suggestive-leads
GCST90240125	GCST90240125__suggestive__016	suggestive_trans	6	56584341	56584341	GRCh38	""	""	rs9396222	1e-05	1	cis-1mb_sig-trans-1mb_suggestive-leads
GCST90240125	GCST90240125__suggestive__017	suggestive_trans	6	93839950	93839950	GRCh38	""	""	rs148568423	1e-05	1	cis-1mb_sig-trans-1mb_suggestive-leads
GCST90240125	GCST90240125__suggestive__018	suggestive_trans	7	24199597	24199597	GRCh38	""	""	rs191472187	1e-05	1	cis-1mb_sig-trans-1mb_suggestive-leads
GCST90240125	GCST90240125__suggestive__019	suggestive_trans	8	106415597	106415597	GRCh38	""	""	rs750591654	1e-05	1	cis-1mb_sig-trans-1mb_suggestive-leads
GCST90240125	GCST90240125__suggestive__020	suggestive_trans	8	109814400	109814400	GRCh38	""	""	rs4504598	1e-05	1	cis-1mb_sig-trans-1mb_suggestive-leads
GCST90240125	GCST90240125__suggestive__021	suggestive_trans	9	4046687	4046687	GRCh38	""	""	rs78271766	1e-05	1	cis-1mb_sig-trans-1mb_suggestive-leads
GCST90240125	GCST90240125__suggestive__022	suggestive_trans	9	35883857	35883857	GRCh38	""	""	rs202019001	1e-05	1	cis-1mb_sig-trans-1mb_suggestive-leads
GCST90240125	GCST90240125__suggestive__023	suggestive_trans	11	1262801	1262801	GRCh38	""	""	rs56052107	1e-05	1	cis-1mb_sig-trans-1mb_suggestive-leads
GCST90240125	GCST90240125__suggestive__024	suggestive_trans	11	13025083	13025083	GRCh38	""	""	rs78227821	1e-05	1	cis-1mb_sig-trans-1mb_suggestive-leads
GCST90240125	GCST90240125__suggestive__025	suggestive_trans	11	46757130	46757130	GRCh38	""	""	rs78079253	1e-05	1	cis-1mb_sig-trans-1mb_suggestive-leads
GCST90240125	GCST90240125__suggestive__026	suggestive_trans	11	97131971	97131971	GRCh38	""	""	rs1793356	1e-05	1	cis-1mb_sig-trans-1mb_suggestive-leads
GCST90240125	GCST90240125__suggestive__027	suggestive_trans	12	30394137	30394137	GRCh38	""	""	rs139866498	1e-05	1	cis-1mb_sig-trans-1mb_suggestive-leads
GCST90240125	GCST90240125__suggestive__028	suggestive_trans	12	100467326	100467326	GRCh38	""	""	rs4764979	1e-05	1	cis-1mb_sig-trans-1mb_suggestive-leads
GCST90240125	GCST90240125__suggestive__029	suggestive_trans	14	50402753	50402753	GRCh38	""	""	rs780142490	1e-05	1	cis-1mb_sig-trans-1mb_suggestive-leads
GCST90240125	GCST90240125__suggestive__030	suggestive_trans	14	77630306	77630306	GRCh38	""	""	rs372111843	1e-05	1	cis-1mb_sig-trans-1mb_suggestive-leads
GCST90240125	GCST90240125__suggestive__031	suggestive_trans	14	102915701	102915701	GRCh38	""	""	rs2224234	1e-05	1	cis-1mb_sig-trans-1mb_suggestive-leads
GCST90240125	GCST90240125__suggestive__032	suggestive_trans	15	94031940	94031940	GRCh38	""	""	rs1479812	1e-05	1	cis-1mb_sig-trans-1mb_suggestive-leads
GCST90240125	GCST90240125__suggestive__033	suggestive_trans	16	64287895	64287895	GRCh38	""	""	rs148175548	1e-05	1	cis-1mb_sig-trans-1mb_suggestive-leads
GCST90240125	GCST90240125__suggestive__034	suggestive_trans	17	70489752	70489752	GRCh38	""	""	rs141390656	1e-05	1	cis-1mb_sig-trans-1mb_suggestive-leads
GCST90240125	GCST90240125__suggestive__035	suggestive_trans	18	47266831	47266831	GRCh38	""	""	rs144495519	1e-05	1	cis-1mb_sig-trans-1mb_suggestive-leads
GCST90240125	GCST90240125__suggestive__036	suggestive_trans	19	44830577	44830577	GRCh38	""	""	rs4803760	1e-05	1	cis-1mb_sig-trans-1mb_suggestive-leads
GCST90240125	GCST90240125__suggestive__037	suggestive_trans	19	44932959	44932959	GRCh38	""	""	rs7260330	1e-05	1	cis-1mb_sig-trans-1mb_suggestive-leads
GCST90240126	GCST90240126__cis__001	cis	8	99914526	101953397	GRCh38	ENSG00000164924	YWHAZ	""	""	6572	cis-1mb_sig-trans-1mb_suggestive-leads
GCST90240126	GCST90240126__sig_trans__001	significant_trans	17	56549480	58568334	GRCh38	""	""	""	5e-08	6420	cis-1mb_sig-trans-1mb_suggestive-leads
GCST90240126	GCST90240126__sig_trans__002	significant_trans	19	52802144	54836078	GRCh38	""	""	""	5e-08	10630	cis-1mb_sig-trans-1mb_suggestive-leads
GCST90240126	GCST90240126__suggestive__001	suggestive_trans	1	60113665	60113665	GRCh38	""	""	rs61248406	1e-05	1	cis-1mb_sig-trans-1mb_suggestive-leads
GCST90240126	GCST90240126__suggestive__002	suggestive_trans	1	160828912	160828912	GRCh38	""	""	rs78228765	1e-05	1	cis-1mb_sig-trans-1mb_suggestive-leads
GCST90240126	GCST90240126__suggestive__003	suggestive_trans	2	197330712	197330712	GRCh38	""	""	rs75314093	1e-05	1	cis-1mb_sig-trans-1mb_suggestive-leads
GCST90240126	GCST90240126__suggestive__004	suggestive_trans	2	197483092	197483092	GRCh38	""	""	rs182642081	1e-05	1	cis-1mb_sig-trans-1mb_suggestive-leads
GCST90240126	GCST90240126__suggestive__005	suggestive_trans	2	197604922	197604922	GRCh38	""	""	rs77000173	1e-05	1	cis-1mb_sig-trans-1mb_suggestive-leads
GCST90240126	GCST90240126__suggestive__006	suggestive_trans	2	197720999	197720999	GRCh38	""	""	rs561982816	1e-05	1	cis-1mb_sig-trans-1mb_suggestive-leads
GCST90240126	GCST90240126__suggestive__007	suggestive_trans	2	197870095	197870095	GRCh38	""	""	rs551179090	1e-05	1	cis-1mb_sig-trans-1mb_suggestive-leads
GCST90240126	GCST90240126__suggestive__008	suggestive_trans	2	198043035	198043035	GRCh38	""	""	rs146156006	1e-05	1	cis-1mb_sig-trans-1mb_suggestive-leads
GCST90240126	GCST90240126__suggestive__009	suggestive_trans	2	207081000	207081000	GRCh38	""	""	rs142412202	1e-05	1	cis-1mb_sig-trans-1mb_suggestive-leads
GCST90240126	GCST90240126__suggestive__010	suggestive_trans	2	239578555	239578555	GRCh38	""	""	rs59626274	1e-05	1	cis-1mb_sig-trans-1mb_suggestive-leads
GCST90240126	GCST90240126__suggestive__011	suggestive_trans	3	18632574	18632574	GRCh38	""	""	rs10212389	1e-05	1	cis-1mb_sig-trans-1mb_suggestive-leads
GCST90240126	GCST90240126__suggestive__012	suggestive_trans	3	124734262	124734262	GRCh38	""	""	rs546586435	1e-05	1	cis-1mb_sig-trans-1mb_suggestive-leads
GCST90240126	GCST90240126__suggestive__013	suggestive_trans	3	187223641	187223641	GRCh38	""	""	rs11720718	1e-05	1	cis-1mb_sig-trans-1mb_suggestive-leads
GCST90240126	GCST90240126__suggestive__014	suggestive_trans	4	64244239	64244239	GRCh38	""	""	rs114509754	1e-05	1	cis-1mb_sig-trans-1mb_suggestive-leads
GCST90240126	GCST90240126__suggestive__015	suggestive_trans	4	123004138	123004138	GRCh38	""	""	rs138881836	1e-05	1	cis-1mb_sig-trans-1mb_suggestive-leads
GCST90240126	GCST90240126__suggestive__016	suggestive_trans	4	160217229	160217229	GRCh38	""	""	rs146309770	1e-05	1	cis-1mb_sig-trans-1mb_suggestive-leads
GCST90240126	GCST90240126__suggestive__017	suggestive_trans	5	59540517	59540517	GRCh38	""	""	rs16889948	1e-05	1	cis-1mb_sig-trans-1mb_suggestive-leads
GCST90240126	GCST90240126__suggestive__018	suggestive_trans	6	39926889	39926889	GRCh38	""	""	rs2984440	1e-05	1	cis-1mb_sig-trans-1mb_suggestive-leads
GCST90240126	GCST90240126__suggestive__019	suggestive_trans	6	166700561	166700561	GRCh38	""	""	rs6911624	1e-05	1	cis-1mb_sig-trans-1mb_suggestive-leads
GCST90240126	GCST90240126__suggestive__020	suggestive_trans	7	81584814	81584814	GRCh38	""	""	rs2367532	1e-05	1	cis-1mb_sig-trans-1mb_suggestive-leads
GCST90240126	GCST90240126__suggestive__021	suggestive_trans	7	82428099	82428099	GRCh38	""	""	rs565593611	1e-05	1	cis-1mb_sig-trans-1mb_suggestive-leads
GCST90240126	GCST90240126__suggestive__022	suggestive_trans	7	103912006	103912006	GRCh38	""	""	rs802785	1e-05	1	cis-1mb_sig-trans-1mb_suggestive-leads
GCST90240126	GCST90240126__suggestive__023	suggestive_trans	7	153335902	153335902	GRCh38	""	""	rs73728975	1e-05	1	cis-1mb_sig-trans-1mb_suggestive-leads
GCST90240126	GCST90240126__suggestive__024	suggestive_trans	8	12831170	12831170	GRCh38	""	""	rs10087837	1e-05	1	cis-1mb_sig-trans-1mb_suggestive-leads
GCST90240126	GCST90240126__suggestive__025	suggestive_trans	8	122619089	122619089	GRCh38	""	""	rs56133770	1e-05	1	cis-1mb_sig-trans-1mb_suggestive-leads
GCST90240126	GCST90240126__suggestive__026	suggestive_trans	8	139909468	139909468	GRCh38	""	""	rs149721368	1e-05	1	cis-1mb_sig-trans-1mb_suggestive-leads
GCST90240126	GCST90240126__suggestive__027	suggestive_trans	10	106569349	106569349	GRCh38	""	""	rs747565591	1e-05	1	cis-1mb_sig-trans-1mb_suggestive-leads
GCST90240126	GCST90240126__suggestive__028	suggestive_trans	12	17569410	17569410	GRCh38	""	""	rs189889989	1e-05	1	cis-1mb_sig-trans-1mb_suggestive-leads
GCST90240126	GCST90240126__suggestive__029	suggestive_trans	13	98941966	98941966	GRCh38	""	""	rs138995124	1e-05	1	cis-1mb_sig-trans-1mb_suggestive-leads
GCST90240126	GCST90240126__suggestive__030	suggestive_trans	14	101918233	101918233	GRCh38	""	""	rs74081680	1e-05	1	cis-1mb_sig-trans-1mb_suggestive-leads
GCST90240126	GCST90240126__suggestive__031	suggestive_trans	15	47435736	47435736	GRCh38	""	""	rs74787996	1e-05	1	cis-1mb_sig-trans-1mb_suggestive-leads
GCST90240126	GCST90240126__suggestive__032	suggestive_trans	15	76370274	76370274	GRCh38	""	""	rs182708681	1e-05	1	cis-1mb_sig-trans-1mb_suggestive-leads
GCST90240126	GCST90240126__suggestive__033	suggestive_trans	15	76951155	76951155	GRCh38	""	""	rs74973371	1e-05	1	cis-1mb_sig-trans-1mb_suggestive-leads
GCST90240126	GCST90240126__suggestive__034	suggestive_trans	15	89064471	89064471	GRCh38	""	""	rs192299464	1e-05	1	cis-1mb_sig-trans-1mb_suggestive-leads
GCST90240126	GCST90240126__suggestive__035	suggestive_trans	16	7362807	7362807	GRCh38	""	""	rs72771103	1e-05	1	cis-1mb_sig-trans-1mb_suggestive-leads
GCST90240126	GCST90240126__suggestive__036	suggestive_trans	16	26836474	26836474	GRCh38	""	""	rs7186574	1e-05	1	cis-1mb_sig-trans-1mb_suggestive-leads
GCST90240126	GCST90240126__suggestive__037	suggestive_trans	17	28157148	28157148	GRCh38	""	""	rs71372363	1e-05	1	cis-1mb_sig-trans-1mb_suggestive-leads
GCST90240126	GCST90240126__suggestive__038	suggestive_trans	17	47069350	47069350	GRCh38	""	""	rs117054763	1e-05	1	cis-1mb_sig-trans-1mb_suggestive-leads
GCST90240126	GCST90240126__suggestive__039	suggestive_trans	18	47348085	47348085	GRCh38	""	""	rs28638450	1e-05	1	cis-1mb_sig-trans-1mb_suggestive-leads
GCST90240126	GCST90240126__suggestive__040	suggestive_trans	21	14804859	14804859	GRCh38	""	""	rs141954382	1e-05	1	cis-1mb_sig-trans-1mb_suggestive-leads
GCST90240127	GCST90240127__cis__001	cis	4	173453668	175523154	GRCh38	ENSG00000164120	HPGD	""	""	8238	cis-1mb_sig-trans-1mb_suggestive-leads
GCST90240127	GCST90240127__sig_trans__001	significant_trans	14	93006387	95469885	GRCh38	""	""	""	5e-08	10556	cis-1mb_sig-trans-1mb_suggestive-leads
GCST90240127	GCST90240127__sig_trans__002	significant_trans	19	52816370	54836078	GRCh38	""	""	""	5e-08	10533	cis-1mb_sig-trans-1mb_suggestive-leads
GCST90240127	GCST90240127__suggestive__001	suggestive_trans	1	3996404	3996404	GRCh38	""	""	rs28609919	1e-05	1	cis-1mb_sig-trans-1mb_suggestive-leads
GCST90240127	GCST90240127__suggestive__002	suggestive_trans	1	162486270	162486270	GRCh38	""	""	rs776360142	1e-05	1	cis-1mb_sig-trans-1mb_suggestive-leads
GCST90240127	GCST90240127__suggestive__003	suggestive_trans	1	170432945	170432945	GRCh38	""	""	rs1576975	1e-05	1	cis-1mb_sig-trans-1mb_suggestive-leads
GCST90240127	GCST90240127__suggestive__004	suggestive_trans	1	231248191	231248191	GRCh38	""	""	rs151314464	1e-05	1	cis-1mb_sig-trans-1mb_suggestive-leads
GCST90240127	GCST90240127__suggestive__005	suggestive_trans	1	241254910	241254910	GRCh38	""	""	rs115221246	1e-05	1	cis-1mb_sig-trans-1mb_suggestive-leads
GCST90240127	GCST90240127__suggestive__006	suggestive_trans	2	20857187	20857187	GRCh38	""	""	rs75319532	1e-05	1	cis-1mb_sig-trans-1mb_suggestive-leads
GCST90240127	GCST90240127__suggestive__007	suggestive_trans	2	65056838	65056838	GRCh38	""	""	rs74181299	1e-05	1	cis-1mb_sig-trans-1mb_suggestive-leads
GCST90240127	GCST90240127__suggestive__008	suggestive_trans	4	3818896	3818896	GRCh38	""	""	rs112573299	1e-05	1	cis-1mb_sig-trans-1mb_suggestive-leads
GCST90240127	GCST90240127__suggestive__009	suggestive_trans	4	6825739	6825739	GRCh38	""	""	rs13129245	1e-05	1	cis-1mb_sig-trans-1mb_suggestive-leads
GCST90240127	GCST90240127__suggestive__010	suggestive_trans	4	14844118	14844118	GRCh38	""	""	rs191366365	1e-05	1	cis-1mb_sig-trans-1mb_suggestive-leads
GCST90240127	GCST90240127__suggestive__011	suggestive_trans	4	153785492	153785492	GRCh38	""	""	rs544670811	1e-05	1	cis-1mb_sig-trans-1mb_suggestive-leads
GCST90240127	GCST90240127__suggestive__012	suggestive_trans	4	188288754	188288754	GRCh38	""	""	rs188776844	1e-05	1	cis-1mb_sig-trans-1mb_suggestive-leads
GCST90240127	GCST90240127__suggestive__013	suggestive_trans	5	6528025	6528025	GRCh38	""	""	rs76705230	1e-05	1	cis-1mb_sig-trans-1mb_suggestive-leads
GCST90240127	GCST90240127__suggestive__014	suggestive_trans	5	32954592	32954592	GRCh38	""	""	rs2331103	1e-05	1	cis-1mb_sig-trans-1mb_suggestive-leads
GCST90240127	GCST90240127__suggestive__015	suggestive_trans	5	97703375	97703375	GRCh38	""	""	rs139702764	1e-05	1	cis-1mb_sig-trans-1mb_suggestive-leads
GCST90240127	GCST90240127__suggestive__016	suggestive_trans	5	150914310	150914310	GRCh38	""	""	rs11745241	1e-05	1	cis-1mb_sig-trans-1mb_suggestive-leads
GCST90240127	GCST90240127__suggestive__017	suggestive_trans	6	17995832	17995832	GRCh38	""	""	rs142991347	1e-05	1	cis-1mb_sig-trans-1mb_suggestive-leads
GCST90240127	GCST90240127__suggestive__018	suggestive_trans	6	22849703	22849703	GRCh38	""	""	rs150693202	1e-05	1	cis-1mb_sig-trans-1mb_suggestive-leads
GCST90240127	GCST90240127__suggestive__019	suggestive_trans	7	56137374	56137374	GRCh38	""	""	rs78106312	1e-05	1	cis-1mb_sig-trans-1mb_suggestive-leads
GCST90240127	GCST90240127__suggestive__020	suggestive_trans	9	7513589	7513589	GRCh38	""	""	rs10511477	1e-05	1	cis-1mb_sig-trans-1mb_suggestive-leads
GCST90240127	GCST90240127__suggestive__021	suggestive_trans	9	29919133	29919133	GRCh38	""	""	rs9408157	1e-05	1	cis-1mb_sig-trans-1mb_suggestive-leads
GCST90240127	GCST90240127__suggestive__022	suggestive_trans	9	83561415	83561415	GRCh38	""	""	rs7028245	1e-05	1	cis-1mb_sig-trans-1mb_suggestive-leads
GCST90240127	GCST90240127__suggestive__023	suggestive_trans	9	110787888	110787888	GRCh38	""	""	rs2766999	1e-05	1	cis-1mb_sig-trans-1mb_suggestive-leads
GCST90240127	GCST90240127__suggestive__024	suggestive_trans	10	26509306	26509306	GRCh38	""	""	rs787030	1e-05	1	cis-1mb_sig-trans-1mb_suggestive-leads
GCST90240127	GCST90240127__suggestive__025	suggestive_trans	10	100130207	100130207	GRCh38	""	""	rs72840032	1e-05	1	cis-1mb_sig-trans-1mb_suggestive-leads
GCST90240127	GCST90240127__suggestive__026	suggestive_trans	11	109747069	109747069	GRCh38	""	""	rs10563354	1e-05	1	cis-1mb_sig-trans-1mb_suggestive-leads
GCST90240127	GCST90240127__suggestive__027	suggestive_trans	11	119571719	119571719	GRCh38	""	""	rs534004109	1e-05	1	cis-1mb_sig-trans-1mb_suggestive-leads
GCST90240127	GCST90240127__suggestive__028	suggestive_trans	12	32905324	32905324	GRCh38	""	""	rs11052292	1e-05	1	cis-1mb_sig-trans-1mb_suggestive-leads
GCST90240127	GCST90240127__suggestive__029	suggestive_trans	13	73772656	73772656	GRCh38	""	""	rs2325561	1e-05	1	cis-1mb_sig-trans-1mb_suggestive-leads
GCST90240127	GCST90240127__suggestive__030	suggestive_trans	16	69580225	69580225	GRCh38	""	""	rs147285080	1e-05	1	cis-1mb_sig-trans-1mb_suggestive-leads
GCST90240127	GCST90240127__suggestive__031	suggestive_trans	16	69844935	69844935	GRCh38	""	""	rs11862697	1e-05	1	cis-1mb_sig-trans-1mb_suggestive-leads
GCST90240127	GCST90240127__suggestive__032	suggestive_trans	16	80779771	80779771	GRCh38	""	""	rs116860114	1e-05	1	cis-1mb_sig-trans-1mb_suggestive-leads
GCST90240127	GCST90240127__suggestive__033	suggestive_trans	18	5903699	5903699	GRCh38	""	""	rs10502334	1e-05	1	cis-1mb_sig-trans-1mb_suggestive-leads
GCST90240127	GCST90240127__suggestive__034	suggestive_trans	18	52935225	52935225	GRCh38	""	""	rs73458982	1e-05	1	cis-1mb_sig-trans-1mb_suggestive-leads
GCST90240127	GCST90240127__suggestive__035	suggestive_trans	20	10737903	10737903	GRCh38	""	""	rs6134015	1e-05	1	cis-1mb_sig-trans-1mb_suggestive-leads
GCST90240127	GCST90240127__suggestive__036	suggestive_trans	22	39078630	39078630	GRCh38	""	""	rs76924887	1e-05	1	cis-1mb_sig-trans-1mb_suggestive-leads
GCST90240127	GCST90240127__suggestive__037	suggestive_trans	22	49428141	49428141	GRCh38	""	""	rs117519294	1e-05	1	cis-1mb_sig-trans-1mb_suggestive-leads
GCST90240128	GCST90240128__cis__001	cis	19	47813014	49837064	GRCh38	ENSG00000087076	HSD17B14	""	""	8360	cis-1mb_sig-trans-1mb_suggestive-leads
GCST90240128	GCST90240128__sig_trans__001	significant_trans	6	30352146	33622175	GRCh38	""	""	""	5e-08	42184	cis-1mb_sig-trans-1mb_suggestive-leads
GCST90240128	GCST90240128__suggestive__001	suggestive_trans	1	23333075	23333075	GRCh38	""	""	rs619375	1e-05	1	cis-1mb_sig-trans-1mb_suggestive-leads
GCST90240128	GCST90240128__suggestive__002	suggestive_trans	1	51754654	51754654	GRCh38	""	""	rs11205883	1e-05	1	cis-1mb_sig-trans-1mb_suggestive-leads
GCST90240128	GCST90240128__suggestive__003	suggestive_trans	1	56860761	56860761	GRCh38	""	""	rs76468426	1e-05	1	cis-1mb_sig-trans-1mb_suggestive-leads
GCST90240128	GCST90240128__suggestive__004	suggestive_trans	1	201137264	201137264	GRCh38	""	""	rs144642930	1e-05	1	cis-1mb_sig-trans-1mb_suggestive-leads
GCST90240128	GCST90240128__suggestive__005	suggestive_trans	2	14532015	14532015	GRCh38	""	""	rs13426953	1e-05	1	cis-1mb_sig-trans-1mb_suggestive-leads
GCST90240128	GCST90240128__suggestive__006	suggestive_trans	2	45269949	45269949	GRCh38	""	""	rs11884531	1e-05	1	cis-1mb_sig-trans-1mb_suggestive-leads
GCST90240128	GCST90240128__suggestive__007	suggestive_trans	2	61173683	61173683	GRCh38	""	""	rs115477367	1e-05	1	cis-1mb_sig-trans-1mb_suggestive-leads
GCST90240128	GCST90240128__suggestive__008	suggestive_trans	2	61302506	61302506	GRCh38	""	""	rs115433106	1e-05	1	cis-1mb_sig-trans-1mb_suggestive-leads
GCST90240128	GCST90240128__suggestive__009	suggestive_trans	2	78603499	78603499	GRCh38	""	""	rs140199274	1e-05	1	cis-1mb_sig-trans-1mb_suggestive-leads
GCST90240128	GCST90240128__suggestive__010	suggestive_trans	2	231013122	231013122	GRCh38	""	""	rs79917151	1e-05	1	cis-1mb_sig-trans-1mb_suggestive-leads
GCST90240128	GCST90240128__suggestive__011	suggestive_trans	3	108103398	108103398	GRCh38	""	""	rs1561029	1e-05	1	cis-1mb_sig-trans-1mb_suggestive-leads
GCST90240128	GCST90240128__suggestive__012	suggestive_trans	3	123056215	123056215	GRCh38	""	""	rs78275038	1e-05	1	cis-1mb_sig-trans-1mb_suggestive-leads
GCST90240128	GCST90240128__suggestive__013	suggestive_trans	3	127451495	127451495	GRCh38	""	""	rs6763304	1e-05	1	cis-1mb_sig-trans-1mb_suggestive-leads
GCST90240128	GCST90240128__suggestive__014	suggestive_trans	3	162472995	162472995	GRCh38	""	""	rs185071345	1e-05	1	cis-1mb_sig-trans-1mb_suggestive-leads
GCST90240128	GCST90240128__suggestive__015	suggestive_trans	3	189893733	189893733	GRCh38	""	""	rs143267775	1e-05	1	cis-1mb_sig-trans-1mb_suggestive-leads
GCST90240128	GCST90240128__suggestive__016	suggestive_trans	4	20023916	20023916	GRCh38	""	""	rs13107783	1e-05	1	cis-1mb_sig-trans-1mb_suggestive-leads
GCST90240128	GCST90240128__suggestive__017	suggestive_trans	5	51020219	51020219	GRCh38	""	""	rs146476668	1e-05	1	cis-1mb_sig-trans-1mb_suggestive-leads
GCST90240128	GCST90240128__suggestive__018	suggestive_trans	5	118918334	118918334	GRCh38	""	""	rs571545407	1e-05	1	cis-1mb_sig-trans-1mb_suggestive-leads
GCST90240128	GCST90240128__suggestive__019	suggestive_trans	5	119200589	119200589	GRCh38	""	""	rs111841666	1e-05	1	cis-1mb_sig-trans-1mb_suggestive-leads
GCST90240128	GCST90240128__suggestive__020	suggestive_trans	6	6886281	6886281	GRCh38	""	""	rs10458101	1e-05	1	cis-1mb_sig-trans-1mb_suggestive-leads
GCST90240128	GCST90240128__suggestive__021	suggestive_trans	6	104046098	104046098	GRCh38	""	""	rs111635804	1e-05	1	cis-1mb_sig-trans-1mb_suggestive-leads
GCST90240128	GCST90240128__suggestive__022	suggestive_trans	6	145040361	145040361	GRCh38	""	""	rs116877111	1e-05	1	cis-1mb_sig-trans-1mb_suggestive-leads
GCST90240128	GCST90240128__suggestive__023	suggestive_trans	6	151111994	151111994	GRCh38	""	""	rs140646462	1e-05	1	cis-1mb_sig-trans-1mb_suggestive-leads
GCST90240128	GCST90240128__suggestive__024	suggestive_trans	7	2394094	2394094	GRCh38	""	""	rs11974910	1e-05	1	cis-1mb_sig-trans-1mb_suggestive-leads
GCST90240128	GCST90240128__suggestive__025	suggestive_trans	7	15554602	15554602	GRCh38	""	""	rs146346221	1e-05	1	cis-1mb_sig-trans-1mb_suggestive-leads
GCST90240128	GCST90240128__suggestive__026	suggestive_trans	7	107816751	107816751	GRCh38	""	""	rs180802202	1e-05	1	cis-1mb_sig-trans-1mb_suggestive-leads
GCST90240128	GCST90240128__suggestive__027	suggestive_trans	8	6973682	6973682	GRCh38	""	""	rs60966186	1e-05	1	cis-1mb_sig-trans-1mb_suggestive-leads
GCST90240128	GCST90240128__suggestive__028	suggestive_trans	9	97565432	97565432	GRCh38	""	""	rs4743114	1e-05	1	cis-1mb_sig-trans-1mb_suggestive-leads
GCST90240128	GCST90240128__suggestive__029	suggestive_trans	9	109316487	109316487	GRCh38	""	""	rs76053345	1e-05	1	cis-1mb_sig-trans-1mb_suggestive-leads
GCST90240128	GCST90240128__suggestive__030	suggestive_trans	10	103024774	103024774	GRCh38	""	""	rs186673763	1e-05	1	cis-1mb_sig-trans-1mb_suggestive-leads
GCST90240128	GCST90240128__suggestive__031	suggestive_trans	12	7065598	7065598	GRCh38	""	""	rs77620124	1e-05	1	cis-1mb_sig-trans-1mb_suggestive-leads
GCST90240128	GCST90240128__suggestive__032	suggestive_trans	12	108581141	108581141	GRCh38	""	""	rs10861949	1e-05	1	cis-1mb_sig-trans-1mb_suggestive-leads
GCST90240128	GCST90240128__suggestive__033	suggestive_trans	13	63321889	63321889	GRCh38	""	""	rs35304343	1e-05	1	cis-1mb_sig-trans-1mb_suggestive-leads
GCST90240128	GCST90240128__suggestive__034	suggestive_trans	13	80597297	80597297	GRCh38	""	""	rs12869484	1e-05	1	cis-1mb_sig-trans-1mb_suggestive-leads
GCST90240128	GCST90240128__suggestive__035	suggestive_trans	14	84203137	84203137	GRCh38	""	""	rs8012642	1e-05	1	cis-1mb_sig-trans-1mb_suggestive-leads
GCST90240128	GCST90240128__suggestive__036	suggestive_trans	15	50188535	50188535	GRCh38	""	""	rs62020291	1e-05	1	cis-1mb_sig-trans-1mb_suggestive-leads
GCST90240128	GCST90240128__suggestive__037	suggestive_trans	15	50337351	50337351	GRCh38	""	""	rs144841021	1e-05	1	cis-1mb_sig-trans-1mb_suggestive-leads
GCST90240128	GCST90240128__suggestive__038	suggestive_trans	15	71240892	71240892	GRCh38	""	""	rs7180149	1e-05	1	cis-1mb_sig-trans-1mb_suggestive-leads
GCST90240128	GCST90240128__suggestive__039	suggestive_trans	17	50219973	50219973	GRCh38	""	""	rs111499586	1e-05	1	cis-1mb_sig-trans-1mb_suggestive-leads
GCST90240128	GCST90240128__suggestive__040	suggestive_trans	19	55014218	55014218	GRCh38	""	""	rs10418074	1e-05	1	cis-1mb_sig-trans-1mb_suggestive-leads
GCST90240128	GCST90240128__suggestive__041	suggestive_trans	21	34161170	34161170	GRCh38	""	""	rs188909360	1e-05	1	cis-1mb_sig-trans-1mb_suggestive-leads
GCST90240128	GCST90240128__suggestive__042	suggestive_trans	22	43478932	43478932	GRCh38	""	""	rs117382591	1e-05	1	cis-1mb_sig-trans-1mb_suggestive-leads
