analysis_id	reason
GCST90019012	36710 of 16241904 rows have a +-2.2250738585072014e-308 effect with standard_error 0 (full-file scan 2026-09-30)
GCST90019013	34848 of 16241904 rows have a +-2.2250738585072014e-308 effect with standard_error 0 (full-file scan 2026-09-30)
GCST90019014	34841 of 16241904 rows have a +-2.2250738585072014e-308 effect with standard_error 0 (full-file scan 2026-09-30)
GCST90454200	7354068 of 7354068 rows have a +-2.2250738585072014e-308 effect with standard_error 0 (full-file scan 2026-09-30)
GCST90454201	7354068 of 7354068 rows have a +-2.2250738585072014e-308 effect with standard_error 0 (full-file scan 2026-09-30)
GCST90565871	7417088 of 7873543 rows have a +-2.2250738585072014e-308 effect with standard_error 0 (full-file scan 2026-09-30)
GCST90565872	7417088 of 7873543 rows have a +-2.2250738585072014e-308 effect with standard_error 0 (full-file scan 2026-09-30)
GCST90702485	3128 of 8330605 rows have a +-2.2250738585072014e-308 effect with standard_error 0 (full-file scan 2026-09-30)
GCST90704616	1641 of 8716168 rows have a +-2.2250738585072014e-308 effect with standard_error 0 (full-file scan 2026-09-30)
GCST90704620	7208 of 13112301 rows have a +-2.2250738585072014e-308 effect with standard_error 0 (full-file scan 2026-09-30)
GCST90704625	17413 of 13210527 rows have a +-2.2250738585072014e-308 effect with standard_error 0 (full-file scan 2026-09-30)
GCST90709864	25883 of 5356048 rows have a +-2.2250738585072014e-308 effect with standard_error 0 (full-file scan 2026-09-30)
GCST90709865	20674 of 5357796 rows have a +-2.2250738585072014e-308 effect with standard_error 0 (full-file scan 2026-09-30)
GCST90709866	18936 of 5357089 rows have a +-2.2250738585072014e-308 effect with standard_error 0 (full-file scan 2026-09-30)
GCST90709867	17099 of 5356026 rows have a +-2.2250738585072014e-308 effect with standard_error 0 (full-file scan 2026-09-30)
GCST90709868	14114 of 5357077 rows have a +-2.2250738585072014e-308 effect with standard_error 0 (full-file scan 2026-09-30)
GCST90709869	17765 of 5357014 rows have a +-2.2250738585072014e-308 effect with standard_error 0 (full-file scan 2026-09-30)
GCST90709870	12904 of 5358216 rows have a +-2.2250738585072014e-308 effect with standard_error 0 (full-file scan 2026-09-30)
GCST90709871	9541 of 5357731 rows have a +-2.2250738585072014e-308 effect with standard_error 0 (full-file scan 2026-09-30)
GCST90809803	27034 of 13078128 rows have a +-2.2250738585072014e-308 effect with standard_error 0 (full-file scan 2026-09-30)
GCST90809811	1725 of 8679047 rows have a +-2.2250738585072014e-308 effect with standard_error 0 (full-file scan 2026-09-30)
GCST90809816	21174 of 13075991 rows have a +-2.2250738585072014e-308 effect with standard_error 0 (full-file scan 2026-09-30)
GCST90809822	6657 of 8679565 rows have a +-2.2250738585072014e-308 effect with standard_error 0 (full-file scan 2026-09-30)
GCST90809825	3352 of 8679565 rows have a +-2.2250738585072014e-308 effect with standard_error 0 (full-file scan 2026-09-30)
GCST90809828	1084 of 8679565 rows have a +-2.2250738585072014e-308 effect with standard_error 0 (full-file scan 2026-09-30)
GCST90838647	146 of 14049057 rows have a +-2.2250738585072014e-308 effect with standard_error 0 (full-file scan 2026-09-30)
GCST90838648	146 of 13409596 rows have a +-2.2250738585072014e-308 effect with standard_error 0 (full-file scan 2026-09-30)
