analysis_id	publication_pmid	trait	study_design	sample_size	readiness_status	data_url	yaml_url	data_file	yaml_file	data_bytes	yaml_bytes	sha256	error	stratum
GCST000553	20045101	CD4:CD8 lymphocyte ratio	quantitative	2538	ok	https://ftp.ebi.ac.uk/pub/databases/gwas/summary_statistics/GCST000001-GCST001000/GCST000553/harmonised/20045101-GCST000553-EFO_0004839.h.tsv.gz	https://ftp.ebi.ac.uk/pub/databases/gwas/summary_statistics/GCST000001-GCST001000/GCST000553/harmonised/20045101-GCST000553-EFO_0004839.h.tsv.gz-meta.yaml	/data/opengwasdb/raw/ebi-gwas-catalog/GCST000001-GCST001000/GCST000553/harmonised/20045101-GCST000553-EFO_0004839.h.tsv.gz	/data/opengwasdb/raw/ebi-gwas-catalog/GCST000001-GCST001000/GCST000553/harmonised/20045101-GCST000553-EFO_0004839.h.tsv.gz-meta.yaml	29852313	789	b2e04186f6a430d00246c0c17b2aa16c212a5b4cfe0410a0a22a6c709a8e142a		explicit_edge_case
GCST003966	27918534	Visceral adipose tissue	quantitative	18332	ok	https://ftp.ebi.ac.uk/pub/databases/gwas/summary_statistics/GCST003001-GCST004000/GCST003966/harmonised/27918534-GCST003966-EFO_0004765.h.tsv.gz	https://ftp.ebi.ac.uk/pub/databases/gwas/summary_statistics/GCST003001-GCST004000/GCST003966/harmonised/27918534-GCST003966-EFO_0004765.h.tsv.gz-meta.yaml	/data/opengwasdb/raw/ebi-gwas-catalog/GCST003001-GCST004000/GCST003966/harmonised/27918534-GCST003966-EFO_0004765.h.tsv.gz	/data/opengwasdb/raw/ebi-gwas-catalog/GCST003001-GCST004000/GCST003966/harmonised/27918534-GCST003966-EFO_0004765.h.tsv.gz-meta.yaml	73609381	884	b5229fcd09541794e23ace59fc8811ee655ab80282634365d82ca443871e893b		quant_decile_1
GCST003967	27918534	Visceral adipose tissue adjusted for BMI	quantitative	18332	ok	https://ftp.ebi.ac.uk/pub/databases/gwas/summary_statistics/GCST003001-GCST004000/GCST003967/harmonised/27918534-GCST003967-EFO_0004765.h.tsv.gz	https://ftp.ebi.ac.uk/pub/databases/gwas/summary_statistics/GCST003001-GCST004000/GCST003967/harmonised/27918534-GCST003967-EFO_0004765.h.tsv.gz-meta.yaml	/data/opengwasdb/raw/ebi-gwas-catalog/GCST003001-GCST004000/GCST003967/harmonised/27918534-GCST003967-EFO_0004765.h.tsv.gz	/data/opengwasdb/raw/ebi-gwas-catalog/GCST003001-GCST004000/GCST003967/harmonised/27918534-GCST003967-EFO_0004765.h.tsv.gz-meta.yaml	73946551	917	52a5473c60a2f463b96db5ad692f20bf0e2d8795843d10471346fe06120e3470		quant_decile_2
GCST004293	28452372	Glomerular filtration rate (cystatin C)	quantitative	24063	ok	https://ftp.ebi.ac.uk/pub/databases/gwas/summary_statistics/GCST004001-GCST005000/GCST004293/harmonised/28452372-GCST004293-EFO_0004617.h.tsv.gz	https://ftp.ebi.ac.uk/pub/databases/gwas/summary_statistics/GCST004001-GCST005000/GCST004293/harmonised/28452372-GCST004293-EFO_0004617.h.tsv.gz-meta.yaml	/data/opengwasdb/raw/ebi-gwas-catalog/GCST004001-GCST005000/GCST004293/harmonised/28452372-GCST004293-EFO_0004617.h.tsv.gz	/data/opengwasdb/raw/ebi-gwas-catalog/GCST004001-GCST005000/GCST004293/harmonised/28452372-GCST004293-EFO_0004617.h.tsv.gz-meta.yaml	221110	821	063e0cb96a927be7c65aac4b223a2b92ce9a47fffcd2240a017a8d6b57ace834		quant_decile_1
GCST004441	27989323	Interleukin-18 levels	quantitative	3636	ok	https://ftp.ebi.ac.uk/pub/databases/gwas/summary_statistics/GCST004001-GCST005000/GCST004441/harmonised/27989323-GCST004441-EFO_0004581.h.tsv.gz	https://ftp.ebi.ac.uk/pub/databases/gwas/summary_statistics/GCST004001-GCST005000/GCST004441/harmonised/27989323-GCST004441-EFO_0004581.h.tsv.gz-meta.yaml	/data/opengwasdb/raw/ebi-gwas-catalog/GCST004001-GCST005000/GCST004441/harmonised/27989323-GCST004441-EFO_0004581.h.tsv.gz	/data/opengwasdb/raw/ebi-gwas-catalog/GCST004001-GCST005000/GCST004441/harmonised/27989323-GCST004441-EFO_0004581.h.tsv.gz-meta.yaml	276691231	786	48e18ef20635cfee9244557e45b1749a92325884bbb4cb3fdea4fa78d728821e		quant_decile_5
GCST004605	27863252	Mean corpuscular hemoglobin concentration	quantitative	172851	ok	https://ftp.ebi.ac.uk/pub/databases/gwas/summary_statistics/GCST004001-GCST005000/GCST004605/harmonised/27863252-GCST004605-EFO_0004528.h.tsv.gz	https://ftp.ebi.ac.uk/pub/databases/gwas/summary_statistics/GCST004001-GCST005000/GCST004605/harmonised/27863252-GCST004605-EFO_0004528.h.tsv.gz-meta.yaml	/data/opengwasdb/raw/ebi-gwas-catalog/GCST004001-GCST005000/GCST004605/harmonised/27863252-GCST004605-EFO_0004528.h.tsv.gz	/data/opengwasdb/raw/ebi-gwas-catalog/GCST004001-GCST005000/GCST004605/harmonised/27863252-GCST004605-EFO_0004528.h.tsv.gz-meta.yaml	1527598313	808	17766218ec09fab27e078d49c032ed179339ebd1467dfd66082a545e26a17f95		quant_decile_10
GCST005522	23459209	Narcolepsy	case-control	12307	ok	https://ftp.ebi.ac.uk/pub/databases/gwas/summary_statistics/GCST005001-GCST006000/GCST005522/harmonised/23459209-GCST005522-EFO_0000614.h.tsv.gz	https://ftp.ebi.ac.uk/pub/databases/gwas/summary_statistics/GCST005001-GCST006000/GCST005522/harmonised/23459209-GCST005522-EFO_0000614.h.tsv.gz-meta.yaml	/data/opengwasdb/raw/ebi-gwas-catalog/GCST005001-GCST006000/GCST005522/harmonised/23459209-GCST005522-EFO_0000614.h.tsv.gz	/data/opengwasdb/raw/ebi-gwas-catalog/GCST005001-GCST006000/GCST005522/harmonised/23459209-GCST005522-EFO_0000614.h.tsv.gz-meta.yaml	7951562	804	8b0403faefe046ff94042ed353b4960a9f336bb4b4fd7ae61dd63688d884acd8		case_control_decile_1
GCST006339	30053915	Anti-influenza A virus IgG seropositivity	case-control	1000	ok	https://ftp.ebi.ac.uk/pub/databases/gwas/summary_statistics/GCST006001-GCST007000/GCST006339/harmonised/30053915-GCST006339-EFO_0007038.h.tsv.gz	https://ftp.ebi.ac.uk/pub/databases/gwas/summary_statistics/GCST006001-GCST007000/GCST006339/harmonised/30053915-GCST006339-EFO_0007038.h.tsv.gz-meta.yaml	/data/opengwasdb/raw/ebi-gwas-catalog/GCST006001-GCST007000/GCST006339/harmonised/30053915-GCST006339-EFO_0007038.h.tsv.gz	/data/opengwasdb/raw/ebi-gwas-catalog/GCST006001-GCST007000/GCST006339/harmonised/30053915-GCST006339-EFO_0007038.h.tsv.gz-meta.yaml	206427412	835	86e56f2cf6dda1fe7adad79c52d450d40c7a8c662b1286553d48309f127ae6ff		case_control_decile_3
GCST006354	30053915	Anti-hepatitis B virus surface antigen (HBs) IgG levels	quantitative	508	ok	https://ftp.ebi.ac.uk/pub/databases/gwas/summary_statistics/GCST006001-GCST007000/GCST006354/harmonised/30053915-GCST006354-EFO_0009358.h.tsv.gz	https://ftp.ebi.ac.uk/pub/databases/gwas/summary_statistics/GCST006001-GCST007000/GCST006354/harmonised/30053915-GCST006354-EFO_0009358.h.tsv.gz-meta.yaml	/data/opengwasdb/raw/ebi-gwas-catalog/GCST006001-GCST007000/GCST006354/harmonised/30053915-GCST006354-EFO_0009358.h.tsv.gz	/data/opengwasdb/raw/ebi-gwas-catalog/GCST006001-GCST007000/GCST006354/harmonised/30053915-GCST006354-EFO_0009358.h.tsv.gz-meta.yaml	191929893	819	dc1e8b0d419b37349ed357e81e90565d350005935c6992de18c8831af2332701		quant_decile_3
GCST006464	30093612	Endometrial cancer	case-control	121885	ok	https://ftp.ebi.ac.uk/pub/databases/gwas/summary_statistics/GCST006001-GCST007000/GCST006464/harmonised/30093612-GCST006464-EFO_1001512.h.tsv.gz	https://ftp.ebi.ac.uk/pub/databases/gwas/summary_statistics/GCST006001-GCST007000/GCST006464/harmonised/30093612-GCST006464-EFO_1001512.h.tsv.gz-meta.yaml	/data/opengwasdb/raw/ebi-gwas-catalog/GCST006001-GCST007000/GCST006464/harmonised/30093612-GCST006464-EFO_1001512.h.tsv.gz	/data/opengwasdb/raw/ebi-gwas-catalog/GCST006001-GCST007000/GCST006464/harmonised/30093612-GCST006464-EFO_1001512.h.tsv.gz-meta.yaml	420167356	784	dd7a0c5483b334ba12dca3e310ceadba56b63ab83821a48a38a26b0d0d044d1d		case_control_decile_6
GCST009980	31969693	Major depressive disorder in trauma exposed individuals	case-control	24094	ok	https://ftp.ebi.ac.uk/pub/databases/gwas/summary_statistics/GCST009001-GCST010000/GCST009980/harmonised/31969693-GCST009980-EFO_0010703.h.tsv.gz	https://ftp.ebi.ac.uk/pub/databases/gwas/summary_statistics/GCST009001-GCST010000/GCST009980/harmonised/31969693-GCST009980-EFO_0010703.h.tsv.gz-meta.yaml	/data/opengwasdb/raw/ebi-gwas-catalog/GCST009001-GCST010000/GCST009980/harmonised/31969693-GCST009980-EFO_0010703.h.tsv.gz	/data/opengwasdb/raw/ebi-gwas-catalog/GCST009001-GCST010000/GCST009980/harmonised/31969693-GCST009980-EFO_0010703.h.tsv.gz-meta.yaml	546578868	1553	5dba0d2ee1f818c048a3ecae819467206b3c467d2833d47634626b5a8e06ed87		case_control_decile_8
GCST012487	26806518	Response to lithium treatment in bipolar disorder (continuous phenotype)	quantitative	2039	ok	https://ftp.ebi.ac.uk/pub/databases/gwas/summary_statistics/GCST012001-GCST013000/GCST012487/harmonised/26806518-GCST012487-GO_0010226.h.tsv.gz	https://ftp.ebi.ac.uk/pub/databases/gwas/summary_statistics/GCST012001-GCST013000/GCST012487/harmonised/26806518-GCST012487-GO_0010226.h.tsv.gz-meta.yaml	/data/opengwasdb/raw/ebi-gwas-catalog/GCST012001-GCST013000/GCST012487/harmonised/26806518-GCST012487-GO_0010226.h.tsv.gz	/data/opengwasdb/raw/ebi-gwas-catalog/GCST012001-GCST013000/GCST012487/harmonised/26806518-GCST012487-GO_0010226.h.tsv.gz-meta.yaml	213487613	1529	340fd3f713dbacc98daf497d9356e6872fc839455270c68dab20c07c5c908ee4		quant_decile_4
GCST90000255	32558485	Severe COVID-19 infection with respiratory failure (analysis I)	case-control	3815	ok	https://ftp.ebi.ac.uk/pub/databases/gwas/summary_statistics/GCST90000001-GCST90001000/GCST90000255/harmonised/32558485-GCST90000255-MONDO_0100096.h.tsv.gz	https://ftp.ebi.ac.uk/pub/databases/gwas/summary_statistics/GCST90000001-GCST90001000/GCST90000255/harmonised/32558485-GCST90000255-MONDO_0100096.h.tsv.gz-meta.yaml	/data/opengwasdb/raw/ebi-gwas-catalog/GCST90000001-GCST90001000/GCST90000255/harmonised/32558485-GCST90000255-MONDO_0100096.h.tsv.gz	/data/opengwasdb/raw/ebi-gwas-catalog/GCST90000001-GCST90001000/GCST90000255/harmonised/32558485-GCST90000255-MONDO_0100096.h.tsv.gz-meta.yaml	244450517	1135	e6b6c2ec99eca5b13dbeebafe75f470b9a96b71648d43afc4980d9d90f38969e		case_control_decile_3
GCST90000466	32641083	Fibroblast growth factor 19 levels	quantitative	982	ok	https://ftp.ebi.ac.uk/pub/databases/gwas/summary_statistics/GCST90000001-GCST90001000/GCST90000466/harmonised/32641083-GCST90000466-EFO_0010782.h.tsv.gz	https://ftp.ebi.ac.uk/pub/databases/gwas/summary_statistics/GCST90000001-GCST90001000/GCST90000466/harmonised/32641083-GCST90000466-EFO_0010782.h.tsv.gz-meta.yaml	/data/opengwasdb/raw/ebi-gwas-catalog/GCST90000001-GCST90001000/GCST90000466/harmonised/32641083-GCST90000466-EFO_0010782.h.tsv.gz	/data/opengwasdb/raw/ebi-gwas-catalog/GCST90000001-GCST90001000/GCST90000466/harmonised/32641083-GCST90000466-EFO_0010782.h.tsv.gz-meta.yaml	243552059	1979	597c2c236a0acb342bd90174b33c13f8179ef591cc77f895d6e17c3b82ed9dc3		quant_decile_5
GCST90000503	32641083	Tumor necrosis factor ligand superfamily member 11 levels	quantitative	982	ok	https://ftp.ebi.ac.uk/pub/databases/gwas/summary_statistics/GCST90000001-GCST90001000/GCST90000503/harmonised/32641083-GCST90000503-EFO_0010617.h.tsv.gz	https://ftp.ebi.ac.uk/pub/databases/gwas/summary_statistics/GCST90000001-GCST90001000/GCST90000503/harmonised/32641083-GCST90000503-EFO_0010617.h.tsv.gz-meta.yaml	/data/opengwasdb/raw/ebi-gwas-catalog/GCST90000001-GCST90001000/GCST90000503/harmonised/32641083-GCST90000503-EFO_0010617.h.tsv.gz	/data/opengwasdb/raw/ebi-gwas-catalog/GCST90000001-GCST90001000/GCST90000503/harmonised/32641083-GCST90000503-EFO_0010617.h.tsv.gz-meta.yaml	243549779	2039	7881ee117eb9370e7fde74418490fdf71a4453e4aee3ec24e1c9b9a15b1dc792		quant_decile_4
GCST90006890	33204752	Chlamydia trachomatis PorB antibody levels	quantitative	273	ok	https://ftp.ebi.ac.uk/pub/databases/gwas/summary_statistics/GCST90006001-GCST90007000/GCST90006890/harmonised/GCST90006890.h.tsv.gz	https://ftp.ebi.ac.uk/pub/databases/gwas/summary_statistics/GCST90006001-GCST90007000/GCST90006890/harmonised/GCST90006890.h.tsv.gz-meta.yaml	/data/opengwasdb/raw/ebi-gwas-catalog/GCST90006001-GCST90007000/GCST90006890/harmonised/GCST90006890.h.tsv.gz	/data/opengwasdb/raw/ebi-gwas-catalog/GCST90006001-GCST90007000/GCST90006890/harmonised/GCST90006890.h.tsv.gz-meta.yaml	221217778	1931	dd6d2650bcde57ce3cb8f7d05cfd873ac2921cf456b71f38db46e7aba8a1f0fd		quant_decile_4
GCST90006915	33204752	Helicobacter pylori UREA antibody levels	quantitative	2251	ok	https://ftp.ebi.ac.uk/pub/databases/gwas/summary_statistics/GCST90006001-GCST90007000/GCST90006915/harmonised/GCST90006915.h.tsv.gz	https://ftp.ebi.ac.uk/pub/databases/gwas/summary_statistics/GCST90006001-GCST90007000/GCST90006915/harmonised/GCST90006915.h.tsv.gz-meta.yaml	/data/opengwasdb/raw/ebi-gwas-catalog/GCST90006001-GCST90007000/GCST90006915/harmonised/GCST90006915.h.tsv.gz	/data/opengwasdb/raw/ebi-gwas-catalog/GCST90006001-GCST90007000/GCST90006915/harmonised/GCST90006915.h.tsv.gz-meta.yaml	270802118	1638	c5739bc40ad07535111c7d9ee315e9b1d095511abc08a8ba41af6c96be5adb85		quant_decile_5
GCST90006918	33204752	Herpes simplex virus 1 mgG-1 antibody levels	quantitative	6199	ok	https://ftp.ebi.ac.uk/pub/databases/gwas/summary_statistics/GCST90006001-GCST90007000/GCST90006918/harmonised/GCST90006918.h.tsv.gz	https://ftp.ebi.ac.uk/pub/databases/gwas/summary_statistics/GCST90006001-GCST90007000/GCST90006918/harmonised/GCST90006918.h.tsv.gz-meta.yaml	/data/opengwasdb/raw/ebi-gwas-catalog/GCST90006001-GCST90007000/GCST90006918/harmonised/GCST90006918.h.tsv.gz	/data/opengwasdb/raw/ebi-gwas-catalog/GCST90006001-GCST90007000/GCST90006918/harmonised/GCST90006918.h.tsv.gz-meta.yaml	276957525	1938	6c29ffd7148b8ba0408b9f504ee7c5292dd5b503cb006898278d73bbb46b4da8		quant_decile_6
GCST90006921	33204752	Anti-polyomavirus 2 IgG seropositivity	quantitative	8735	ok	https://ftp.ebi.ac.uk/pub/databases/gwas/summary_statistics/GCST90006001-GCST90007000/GCST90006921/harmonised/GCST90006921.h.tsv.gz	https://ftp.ebi.ac.uk/pub/databases/gwas/summary_statistics/GCST90006001-GCST90007000/GCST90006921/harmonised/GCST90006921.h.tsv.gz-meta.yaml	/data/opengwasdb/raw/ebi-gwas-catalog/GCST90006001-GCST90007000/GCST90006921/harmonised/GCST90006921.h.tsv.gz	/data/opengwasdb/raw/ebi-gwas-catalog/GCST90006001-GCST90007000/GCST90006921/harmonised/GCST90006921.h.tsv.gz-meta.yaml	288622279	1636	e520690de6731bdb10c0b421097f18d80c24e36b5d5e1c255909011a733a20d8		quant_decile_6
GCST90011767	33627673	Glaucoma (primary open-angle)	case-control	192702	ok	https://ftp.ebi.ac.uk/pub/databases/gwas/summary_statistics/GCST90011001-GCST90012000/GCST90011767/harmonised/GCST90011767.h.tsv.gz	https://ftp.ebi.ac.uk/pub/databases/gwas/summary_statistics/GCST90011001-GCST90012000/GCST90011767/harmonised/GCST90011767.h.tsv.gz-meta.yaml	/data/opengwasdb/raw/ebi-gwas-catalog/GCST90011001-GCST90012000/GCST90011767/harmonised/GCST90011767.h.tsv.gz	/data/opengwasdb/raw/ebi-gwas-catalog/GCST90011001-GCST90012000/GCST90011767/harmonised/GCST90011767.h.tsv.gz-meta.yaml	260504745	803	e4cffad379761ec030b7fc99bf3f5f802d498cc8b218d4bfa18f3f685a9c00da		case_control_decile_4
GCST90011791	33575800	Paclitaxel drug response (AUC)	quantitative	77	ok	https://ftp.ebi.ac.uk/pub/databases/gwas/summary_statistics/GCST90011001-GCST90012000/GCST90011791/harmonised/33575800-GCST90011791-GO_0097327.h.tsv.gz	https://ftp.ebi.ac.uk/pub/databases/gwas/summary_statistics/GCST90011001-GCST90012000/GCST90011791/harmonised/33575800-GCST90011791-GO_0097327.h.tsv.gz-meta.yaml	/data/opengwasdb/raw/ebi-gwas-catalog/GCST90011001-GCST90012000/GCST90011791/harmonised/33575800-GCST90011791-GO_0097327.h.tsv.gz	/data/opengwasdb/raw/ebi-gwas-catalog/GCST90011001-GCST90012000/GCST90011791/harmonised/33575800-GCST90011791-GO_0097327.h.tsv.gz-meta.yaml	230113774	940	a984c33ead6d6bf58c8271e0cb5f41516bab6f1424b279eaf0746b1466e64ea8		quant_decile_4
GCST90011810	32887889	Rectal cancer	case-control	412441	ok	https://ftp.ebi.ac.uk/pub/databases/gwas/summary_statistics/GCST90011001-GCST90012000/GCST90011810/harmonised/32887889-GCST90011810-EFO_1000657.h.tsv.gz	https://ftp.ebi.ac.uk/pub/databases/gwas/summary_statistics/GCST90011001-GCST90012000/GCST90011810/harmonised/32887889-GCST90011810-EFO_1000657.h.tsv.gz-meta.yaml	/data/opengwasdb/raw/ebi-gwas-catalog/GCST90011001-GCST90012000/GCST90011810/harmonised/32887889-GCST90011810-EFO_1000657.h.tsv.gz	/data/opengwasdb/raw/ebi-gwas-catalog/GCST90011001-GCST90012000/GCST90011810/harmonised/32887889-GCST90011810-EFO_1000657.h.tsv.gz-meta.yaml	338197942	982	95b9d66da8fa7a70e145545eafe732a75b3d3a2c6888063a3579788ef44a1bff		case_control_decile_5
GCST90012011	33067605	TNF-related apoptosis-inducing ligand levels	quantitative	21758	ok	https://ftp.ebi.ac.uk/pub/databases/gwas/summary_statistics/GCST90012001-GCST90013000/GCST90012011/harmonised/33067605-GCST90012011-EFO_0008300.h.tsv.gz	https://ftp.ebi.ac.uk/pub/databases/gwas/summary_statistics/GCST90012001-GCST90013000/GCST90012011/harmonised/33067605-GCST90012011-EFO_0008300.h.tsv.gz-meta.yaml	/data/opengwasdb/raw/ebi-gwas-catalog/GCST90012001-GCST90013000/GCST90012011/harmonised/33067605-GCST90012011-EFO_0008300.h.tsv.gz	/data/opengwasdb/raw/ebi-gwas-catalog/GCST90012001-GCST90013000/GCST90012011/harmonised/33067605-GCST90012011-EFO_0008300.h.tsv.gz-meta.yaml	541450300	817	2698340d57d47e5f7be9ad6a7eb18434b311d86376abee0725dbfc7e81a16751		quant_decile_9
GCST90012197	32915819	Trans-fatty acid levels (9-trans 12-cis octadecanoic acid C18:2n6tc)	quantitative	2776	ok	https://ftp.ebi.ac.uk/pub/databases/gwas/summary_statistics/GCST90012001-GCST90013000/GCST90012197/harmonised/32915819-GCST90012197-EFO_0006821.h.tsv.gz	https://ftp.ebi.ac.uk/pub/databases/gwas/summary_statistics/GCST90012001-GCST90013000/GCST90012197/harmonised/32915819-GCST90012197-EFO_0006821.h.tsv.gz-meta.yaml	/data/opengwasdb/raw/ebi-gwas-catalog/GCST90012001-GCST90013000/GCST90012197/harmonised/32915819-GCST90012197-EFO_0006821.h.tsv.gz	/data/opengwasdb/raw/ebi-gwas-catalog/GCST90012001-GCST90013000/GCST90012197/harmonised/32915819-GCST90012197-EFO_0006821.h.tsv.gz-meta.yaml	12898103	876	203653bc11d0288f378201d30e024d1b5061f43ffd3d6625a9374c33362642a2		quant_decile_1
GCST90012794	33563987	Participation in an health questionnaire (not invited vs invited)	case-control	451097	ok	https://ftp.ebi.ac.uk/pub/databases/gwas/summary_statistics/GCST90012001-GCST90013000/GCST90012794/harmonised/33563987-GCST90012794-EFO_0010130.h.tsv.gz	https://ftp.ebi.ac.uk/pub/databases/gwas/summary_statistics/GCST90012001-GCST90013000/GCST90012794/harmonised/33563987-GCST90012794-EFO_0010130.h.tsv.gz-meta.yaml	/data/opengwasdb/raw/ebi-gwas-catalog/GCST90012001-GCST90013000/GCST90012794/harmonised/33563987-GCST90012794-EFO_0010130.h.tsv.gz	/data/opengwasdb/raw/ebi-gwas-catalog/GCST90012001-GCST90013000/GCST90012794/harmonised/33563987-GCST90012794-EFO_0010130.h.tsv.gz-meta.yaml	652098721	837	b90ec7d0901fc2de920d76d84d860daac70e968ec4aa02a6c3fee61e495f5128		case_control_decile_9
GCST90014428	33541459	Lifetime depression (mental health questionnaire)	case-control	261534	ok	https://ftp.ebi.ac.uk/pub/databases/gwas/summary_statistics/GCST90014001-GCST90015000/GCST90014428/harmonised/GCST90014428.h.tsv.gz	https://ftp.ebi.ac.uk/pub/databases/gwas/summary_statistics/GCST90014001-GCST90015000/GCST90014428/harmonised/GCST90014428.h.tsv.gz-meta.yaml	/data/opengwasdb/raw/ebi-gwas-catalog/GCST90014001-GCST90015000/GCST90014428/harmonised/GCST90014428.h.tsv.gz	/data/opengwasdb/raw/ebi-gwas-catalog/GCST90014001-GCST90015000/GCST90014428/harmonised/GCST90014428.h.tsv.gz-meta.yaml	318471603	762	2b8cf5275d09f3a73bf0bcb6d16b68ec5dd59eee88cb9e100957fd7edd0f7c22		case_control_decile_5
GCST90014453	34278373	Polymyalgia rheumatica	case-control	324972	ok	https://ftp.ebi.ac.uk/pub/databases/gwas/summary_statistics/GCST90014001-GCST90015000/GCST90014453/harmonised/GCST90014453.h.tsv.gz	https://ftp.ebi.ac.uk/pub/databases/gwas/summary_statistics/GCST90014001-GCST90015000/GCST90014453/harmonised/GCST90014453.h.tsv.gz-meta.yaml	/data/opengwasdb/raw/ebi-gwas-catalog/GCST90014001-GCST90015000/GCST90014453/harmonised/GCST90014453.h.tsv.gz	/data/opengwasdb/raw/ebi-gwas-catalog/GCST90014001-GCST90015000/GCST90014453/harmonised/GCST90014453.h.tsv.gz-meta.yaml	325247050	774	2861de4c60bb22480f05fdfa40e6fb8389bccac6de6a8c5363c0c840246c6082		case_control_decile_5
GCST90014458	34278373	Rheumatoid arthritis	case-control	330434	ok	https://ftp.ebi.ac.uk/pub/databases/gwas/summary_statistics/GCST90014001-GCST90015000/GCST90014458/harmonised/GCST90014458.h.tsv.gz	https://ftp.ebi.ac.uk/pub/databases/gwas/summary_statistics/GCST90014001-GCST90015000/GCST90014458/harmonised/GCST90014458.h.tsv.gz-meta.yaml	/data/opengwasdb/raw/ebi-gwas-catalog/GCST90014001-GCST90015000/GCST90014458/harmonised/GCST90014458.h.tsv.gz	/data/opengwasdb/raw/ebi-gwas-catalog/GCST90014001-GCST90015000/GCST90014458/harmonised/GCST90014458.h.tsv.gz-meta.yaml	318297070	772	cd021852b84d22695a37a52985dfdff1e36d4637f7f6717f4a178662dc97ba6a		case_control_decile_4
GCST90016591	33106845	Chronic obstructive pulmonary disease x current smoker interaction (main effect)	case-control	200766	ok	https://ftp.ebi.ac.uk/pub/databases/gwas/summary_statistics/GCST90016001-GCST90017000/GCST90016591/harmonised/33106845-GCST90016591-EFO_0000341.h.tsv.gz	https://ftp.ebi.ac.uk/pub/databases/gwas/summary_statistics/GCST90016001-GCST90017000/GCST90016591/harmonised/33106845-GCST90016591-EFO_0000341.h.tsv.gz-meta.yaml	/data/opengwasdb/raw/ebi-gwas-catalog/GCST90016001-GCST90017000/GCST90016591/harmonised/33106845-GCST90016591-EFO_0000341.h.tsv.gz	/data/opengwasdb/raw/ebi-gwas-catalog/GCST90016001-GCST90017000/GCST90016591/harmonised/33106845-GCST90016591-EFO_0000341.h.tsv.gz-meta.yaml	353839328	778	af156ec7025bee9b05dee671703b9dfc64918b57e49c7e430426e65c084ab70b		case_control_decile_6
GCST90020194	35079123	Inferior Posterior lobe of cerebellar volume (including Crus II to IX hemispheric lobules)	quantitative	33251	ok	https://ftp.ebi.ac.uk/pub/databases/gwas/summary_statistics/GCST90020001-GCST90021000/GCST90020194/harmonised/35079123-GCST90020194-EFO_0020864.h.tsv.gz	https://ftp.ebi.ac.uk/pub/databases/gwas/summary_statistics/GCST90020001-GCST90021000/GCST90020194/harmonised/35079123-GCST90020194-EFO_0020864.h.tsv.gz-meta.yaml	/data/opengwasdb/raw/ebi-gwas-catalog/GCST90020001-GCST90021000/GCST90020194/harmonised/35079123-GCST90020194-EFO_0020864.h.tsv.gz	/data/opengwasdb/raw/ebi-gwas-catalog/GCST90020001-GCST90021000/GCST90020194/harmonised/35079123-GCST90020194-EFO_0020864.h.tsv.gz-meta.yaml	169975887	3873	b41b6b52652d77a8d00257a6e31679553ef35470c6adba9177c620a1c98786a4		quant_decile_2
GCST90025959	34226706	C-reactive protein levels	quantitative	436939	ok	https://ftp.ebi.ac.uk/pub/databases/gwas/summary_statistics/GCST90025001-GCST90026000/GCST90025959/harmonised/34226706-GCST90025959-EFO_0004458.h.tsv.gz	https://ftp.ebi.ac.uk/pub/databases/gwas/summary_statistics/GCST90025001-GCST90026000/GCST90025959/harmonised/34226706-GCST90025959-EFO_0004458.h.tsv.gz-meta.yaml	/data/opengwasdb/raw/ebi-gwas-catalog/GCST90025001-GCST90026000/GCST90025959/harmonised/34226706-GCST90025959-EFO_0004458.h.tsv.gz	/data/opengwasdb/raw/ebi-gwas-catalog/GCST90025001-GCST90026000/GCST90025959/harmonised/34226706-GCST90025959-EFO_0004458.h.tsv.gz-meta.yaml	184212829	799	2fbdf7fb01d82a708ac848c7cbb61a35d024abc10f799d009a468beadb57cb42		quant_decile_3
GCST90026404	33437986	Ceramide [N(25)S(20)] levels	quantitative	999	ok	https://ftp.ebi.ac.uk/pub/databases/gwas/summary_statistics/GCST90026001-GCST90027000/GCST90026404/harmonised/GCST90026404.h.tsv.gz	https://ftp.ebi.ac.uk/pub/databases/gwas/summary_statistics/GCST90026001-GCST90027000/GCST90026404/harmonised/GCST90026404.h.tsv.gz-meta.yaml	/data/opengwasdb/raw/ebi-gwas-catalog/GCST90026001-GCST90027000/GCST90026404/harmonised/GCST90026404.h.tsv.gz	/data/opengwasdb/raw/ebi-gwas-catalog/GCST90026001-GCST90027000/GCST90026404/harmonised/GCST90026404.h.tsv.gz-meta.yaml	109903376	1169	bde4426e7f7d38f5fe25b9f4152eeff557788b28eda29b331979b829d7d52257		quant_decile_2
GCST90026414	34737425	Severe insulin-resistant type 2 diabetes	case-control	3874	ok	https://ftp.ebi.ac.uk/pub/databases/gwas/summary_statistics/GCST90026001-GCST90027000/GCST90026414/harmonised/34737425-GCST90026414-EFO_0001360.h.tsv.gz	https://ftp.ebi.ac.uk/pub/databases/gwas/summary_statistics/GCST90026001-GCST90027000/GCST90026414/harmonised/34737425-GCST90026414-EFO_0001360.h.tsv.gz-meta.yaml	/data/opengwasdb/raw/ebi-gwas-catalog/GCST90026001-GCST90027000/GCST90026414/harmonised/34737425-GCST90026414-EFO_0001360.h.tsv.gz	/data/opengwasdb/raw/ebi-gwas-catalog/GCST90026001-GCST90027000/GCST90026414/harmonised/34737425-GCST90026414-EFO_0001360.h.tsv.gz-meta.yaml	269023621	1430	396289c21e3cf06debc8eb42736ab5a3cc193e237adcb4ec78d7cd68fedbadab		case_control_decile_4
GCST90061409	35043453	Physical activity (Total log acceleration 12am-2am)	quantitative	88411	ok	https://ftp.ebi.ac.uk/pub/databases/gwas/summary_statistics/GCST90061001-GCST90062000/GCST90061409/harmonised/35043453-GCST90061409-EFO_0008002.h.tsv.gz	https://ftp.ebi.ac.uk/pub/databases/gwas/summary_statistics/GCST90061001-GCST90062000/GCST90061409/harmonised/35043453-GCST90061409-EFO_0008002.h.tsv.gz-meta.yaml	/data/opengwasdb/raw/ebi-gwas-catalog/GCST90061001-GCST90062000/GCST90061409/harmonised/35043453-GCST90061409-EFO_0008002.h.tsv.gz	/data/opengwasdb/raw/ebi-gwas-catalog/GCST90061001-GCST90062000/GCST90061409/harmonised/35043453-GCST90061409-EFO_0008002.h.tsv.gz-meta.yaml	362879588	824	9958c9ae46f383c4d36887a724b3959b24c69074c5994d28ade8a7255c620d99		quant_decile_7
GCST90093342	33143745	Neutralising antibody response to interferon beta therapy in multiple sclerosis in patients positive for neutralising antibodies (antibody titre; IFNβ-1a subcutaneous)	quantitative	391	ok	https://ftp.ebi.ac.uk/pub/databases/gwas/summary_statistics/GCST90093001-GCST90094000/GCST90093342/harmonised/33143745-GCST90093342-GO_0035456.h.tsv.gz	https://ftp.ebi.ac.uk/pub/databases/gwas/summary_statistics/GCST90093001-GCST90094000/GCST90093342/harmonised/33143745-GCST90093342-GO_0035456.h.tsv.gz-meta.yaml	/data/opengwasdb/raw/ebi-gwas-catalog/GCST90093001-GCST90094000/GCST90093342/harmonised/33143745-GCST90093342-GO_0035456.h.tsv.gz	/data/opengwasdb/raw/ebi-gwas-catalog/GCST90093001-GCST90094000/GCST90093342/harmonised/33143745-GCST90093342-GO_0035456.h.tsv.gz-meta.yaml	261348445	2442	90c8b316edb62c2b2ef8dbcc5786e812e9397e18b12c116daf5cbbd55ee1f692		quant_decile_5
GCST90096901	35653391	Beef consumption	quantitative	241092	ok	https://ftp.ebi.ac.uk/pub/databases/gwas/summary_statistics/GCST90096001-GCST90097000/GCST90096901/harmonised/35653391-GCST90096901-EFO_0008111.h.tsv.gz	https://ftp.ebi.ac.uk/pub/databases/gwas/summary_statistics/GCST90096001-GCST90097000/GCST90096901/harmonised/35653391-GCST90096901-EFO_0008111.h.tsv.gz-meta.yaml	/data/opengwasdb/raw/ebi-gwas-catalog/GCST90096001-GCST90097000/GCST90096901/harmonised/35653391-GCST90096901-EFO_0008111.h.tsv.gz	/data/opengwasdb/raw/ebi-gwas-catalog/GCST90096001-GCST90097000/GCST90096901/harmonised/35653391-GCST90096901-EFO_0008111.h.tsv.gz-meta.yaml	245194933	799	f78ed213acf2a96f7a86f904487c7ead9f4294fcd97ce013692cc9f138044b00		quant_decile_5
GCST90101888	35681050	Lymphocyte telomere length	quantitative	902	ok	https://ftp.ebi.ac.uk/pub/databases/gwas/summary_statistics/GCST90101001-GCST90102000/GCST90101888/harmonised/35681050-GCST90101888-EFO_0004505.h.tsv.gz	https://ftp.ebi.ac.uk/pub/databases/gwas/summary_statistics/GCST90101001-GCST90102000/GCST90101888/harmonised/35681050-GCST90101888-EFO_0004505.h.tsv.gz-meta.yaml	/data/opengwasdb/raw/ebi-gwas-catalog/GCST90101001-GCST90102000/GCST90101888/harmonised/35681050-GCST90101888-EFO_0004505.h.tsv.gz	/data/opengwasdb/raw/ebi-gwas-catalog/GCST90101001-GCST90102000/GCST90101888/harmonised/35681050-GCST90101888-EFO_0004505.h.tsv.gz-meta.yaml	159023095	2652	19e01ed15689d421080f56f0a6ea8b40cef9bef6e5e3aa736e8033eb5960f40b		quant_decile_2
GCST90103634	34272381	Estimated glomerular filtration rate (creatinine)	quantitative	1004040	ok	https://ftp.ebi.ac.uk/pub/databases/gwas/summary_statistics/GCST90103001-GCST90104000/GCST90103634/harmonised/34272381-GCST90103634-EFO_0005208.h.tsv.gz	https://ftp.ebi.ac.uk/pub/databases/gwas/summary_statistics/GCST90103001-GCST90104000/GCST90103634/harmonised/34272381-GCST90103634-EFO_0005208.h.tsv.gz-meta.yaml	/data/opengwasdb/raw/ebi-gwas-catalog/GCST90103001-GCST90104000/GCST90103634/harmonised/34272381-GCST90103634-EFO_0005208.h.tsv.gz	/data/opengwasdb/raw/ebi-gwas-catalog/GCST90103001-GCST90104000/GCST90103634/harmonised/34272381-GCST90103634-EFO_0005208.h.tsv.gz-meta.yaml	379687529	833	69239c5abd71880b67559d29e253581aa50400fb4dde62bb8892399575a4f581		quant_decile_7
GCST90104460	36206743	Cystic fibrosis-related diabetes in cystic fibrosis	case-control	4108	ok	https://ftp.ebi.ac.uk/pub/databases/gwas/summary_statistics/GCST90104001-GCST90105000/GCST90104460/harmonised/GCST90104460.h.tsv.gz	https://ftp.ebi.ac.uk/pub/databases/gwas/summary_statistics/GCST90104001-GCST90105000/GCST90104460/harmonised/GCST90104460.h.tsv.gz-meta.yaml	/data/opengwasdb/raw/ebi-gwas-catalog/GCST90104001-GCST90105000/GCST90104460/harmonised/GCST90104460.h.tsv.gz	/data/opengwasdb/raw/ebi-gwas-catalog/GCST90104001-GCST90105000/GCST90104460/harmonised/GCST90104460.h.tsv.gz-meta.yaml	390612118	806	d4c032cc754a50b82ad93fa9da7e57e120a015d3d3bb20160375a076f1835735		case_control_decile_6
GCST90104462	35998220	Word reading	quantitative	33959	ok	https://ftp.ebi.ac.uk/pub/databases/gwas/summary_statistics/GCST90104001-GCST90105000/GCST90104462/harmonised/GCST90104462.h.tsv.gz	https://ftp.ebi.ac.uk/pub/databases/gwas/summary_statistics/GCST90104001-GCST90105000/GCST90104462/harmonised/GCST90104462.h.tsv.gz-meta.yaml	/data/opengwasdb/raw/ebi-gwas-catalog/GCST90104001-GCST90105000/GCST90104462/harmonised/GCST90104462.h.tsv.gz	/data/opengwasdb/raw/ebi-gwas-catalog/GCST90104001-GCST90105000/GCST90104462/harmonised/GCST90104462.h.tsv.gz-meta.yaml	213101319	1282	72029e2455e8e39f4b5163af2ba731b0070684401a82fc3c8006f627c16ae05f		quant_decile_3
GCST90129441	37219871	Chronic widespread pain	case-control	433905	ok	https://ftp.ebi.ac.uk/pub/databases/gwas/summary_statistics/GCST90129001-GCST90130000/GCST90129441/harmonised/GCST90129441.h.tsv.gz	https://ftp.ebi.ac.uk/pub/databases/gwas/summary_statistics/GCST90129001-GCST90130000/GCST90129441/harmonised/GCST90129441.h.tsv.gz-meta.yaml	/data/opengwasdb/raw/ebi-gwas-catalog/GCST90129001-GCST90130000/GCST90129441/harmonised/GCST90129441.h.tsv.gz	/data/opengwasdb/raw/ebi-gwas-catalog/GCST90129001-GCST90130000/GCST90129441/harmonised/GCST90129441.h.tsv.gz-meta.yaml	432192744	2253	b1863aa249fc28b8b69983867c693a6dea8611009d3b12cd394f0e3279862977		case_control_decile_6
GCST90129446	37219871	Irritable bowel syndrome	case-control	211295	ok	https://ftp.ebi.ac.uk/pub/databases/gwas/summary_statistics/GCST90129001-GCST90130000/GCST90129446/harmonised/GCST90129446.h.tsv.gz	https://ftp.ebi.ac.uk/pub/databases/gwas/summary_statistics/GCST90129001-GCST90130000/GCST90129446/harmonised/GCST90129446.h.tsv.gz-meta.yaml	/data/opengwasdb/raw/ebi-gwas-catalog/GCST90129001-GCST90130000/GCST90129446/harmonised/GCST90129446.h.tsv.gz	/data/opengwasdb/raw/ebi-gwas-catalog/GCST90129001-GCST90130000/GCST90129446/harmonised/GCST90129446.h.tsv.gz-meta.yaml	432709096	2254	b2ce4c6aa1b36ff36bf040f32ecdd3079f320242622c3de4dd84971644c43142		case_control_decile_7
GCST90134433	36546557	Sporadic vestibular schwannoma	case-control	6411	ok	https://ftp.ebi.ac.uk/pub/databases/gwas/summary_statistics/GCST90134001-GCST90135000/GCST90134433/harmonised/GCST90134433.h.tsv.gz	https://ftp.ebi.ac.uk/pub/databases/gwas/summary_statistics/GCST90134001-GCST90135000/GCST90134433/harmonised/GCST90134433.h.tsv.gz-meta.yaml	/data/opengwasdb/raw/ebi-gwas-catalog/GCST90134001-GCST90135000/GCST90134433/harmonised/GCST90134433.h.tsv.gz	/data/opengwasdb/raw/ebi-gwas-catalog/GCST90134001-GCST90135000/GCST90134433/harmonised/GCST90134433.h.tsv.gz-meta.yaml	212034720	2693	576e41d982991f60f2a5267e66bf9a97e59bff0238baad32dbe2df29a1e34938		case_control_decile_3
GCST90204200	36470867	Isolated REM sleep behavior disorder	case-control	9447	ok	https://ftp.ebi.ac.uk/pub/databases/gwas/summary_statistics/GCST90204001-GCST90205000/GCST90204200/harmonised/GCST90204200.h.tsv.gz	https://ftp.ebi.ac.uk/pub/databases/gwas/summary_statistics/GCST90204001-GCST90205000/GCST90204200/harmonised/GCST90204200.h.tsv.gz-meta.yaml	/data/opengwasdb/raw/ebi-gwas-catalog/GCST90204001-GCST90205000/GCST90204200/harmonised/GCST90204200.h.tsv.gz	/data/opengwasdb/raw/ebi-gwas-catalog/GCST90204001-GCST90205000/GCST90204200/harmonised/GCST90204200.h.tsv.gz-meta.yaml	446872335	1612	53d9b850863b40fe4136716408ecc7a544d930a77142d6bd7d7ab2552744c3b6		case_control_decile_7
GCST90243960	38643935	Irritable bowel syndrome diarrhea-predominant subtype	case-control	83630	ok	https://ftp.ebi.ac.uk/pub/databases/gwas/summary_statistics/GCST90243001-GCST90244000/GCST90243960/harmonised/GCST90243960.h.tsv.gz	https://ftp.ebi.ac.uk/pub/databases/gwas/summary_statistics/GCST90243001-GCST90244000/GCST90243960/harmonised/GCST90243960.h.tsv.gz-meta.yaml	/data/opengwasdb/raw/ebi-gwas-catalog/GCST90243001-GCST90244000/GCST90243960/harmonised/GCST90243960.h.tsv.gz	/data/opengwasdb/raw/ebi-gwas-catalog/GCST90243001-GCST90244000/GCST90243960/harmonised/GCST90243960.h.tsv.gz-meta.yaml	125029156	888	9d9a2bdcb9312cbb7a5a22256ebe479758d486093495add1d9773b432a80b078		case_control_decile_2
GCST90245768	36788145	Hearing difficulty and hearing difficulty with background noise	case-control	102133	ok	https://ftp.ebi.ac.uk/pub/databases/gwas/summary_statistics/GCST90245001-GCST90246000/GCST90245768/harmonised/GCST90245768.h.tsv.gz	https://ftp.ebi.ac.uk/pub/databases/gwas/summary_statistics/GCST90245001-GCST90246000/GCST90245768/harmonised/GCST90245768.h.tsv.gz-meta.yaml	/data/opengwasdb/raw/ebi-gwas-catalog/GCST90245001-GCST90246000/GCST90245768/harmonised/GCST90245768.h.tsv.gz	/data/opengwasdb/raw/ebi-gwas-catalog/GCST90245001-GCST90246000/GCST90245768/harmonised/GCST90245768.h.tsv.gz-meta.yaml	78559065	907	31a005aa94be25cff6dd9ad03cca796b399ee9bb54791a0595e80d3abd326e35		case_control_decile_1
GCST90245771	36788145	Hearing difficulty with background noise	case-control	38723	ok	https://ftp.ebi.ac.uk/pub/databases/gwas/summary_statistics/GCST90245001-GCST90246000/GCST90245771/harmonised/GCST90245771.h.tsv.gz	https://ftp.ebi.ac.uk/pub/databases/gwas/summary_statistics/GCST90245001-GCST90246000/GCST90245771/harmonised/GCST90245771.h.tsv.gz-meta.yaml	/data/opengwasdb/raw/ebi-gwas-catalog/GCST90245001-GCST90246000/GCST90245771/harmonised/GCST90245771.h.tsv.gz	/data/opengwasdb/raw/ebi-gwas-catalog/GCST90245001-GCST90246000/GCST90245771/harmonised/GCST90245771.h.tsv.gz-meta.yaml	42516131	883	7d096b871325857be7c982afabbbcb4e47417d05dc186a5c2dd7f0647a4efc6b		case_control_decile_1
GCST90255676	36539618	Colorectal cancer	case-control	160527	ok	https://ftp.ebi.ac.uk/pub/databases/gwas/summary_statistics/GCST90255001-GCST90256000/GCST90255676/harmonised/GCST90255676.h.tsv.gz	https://ftp.ebi.ac.uk/pub/databases/gwas/summary_statistics/GCST90255001-GCST90256000/GCST90255676/harmonised/GCST90255676.h.tsv.gz-meta.yaml	/data/opengwasdb/raw/ebi-gwas-catalog/GCST90255001-GCST90256000/GCST90255676/harmonised/GCST90255676.h.tsv.gz	/data/opengwasdb/raw/ebi-gwas-catalog/GCST90255001-GCST90256000/GCST90255676/harmonised/GCST90255676.h.tsv.gz-meta.yaml	260309182	1718	a8ecfd4809b8a3e3502d9a5fe2287c26c2281baa2264854307b75cc33ddbd199		case_control_decile_3
GCST90257043	38049662	Neutrophil perturbation response (side fluorescence standard deviation of neutrophil 4 in response to alhydrogel perturbation measured by WDF dye)	quantitative	1378	ok	https://ftp.ebi.ac.uk/pub/databases/gwas/summary_statistics/GCST90257001-GCST90258000/GCST90257043/harmonised/GCST90257043.h.tsv.gz	https://ftp.ebi.ac.uk/pub/databases/gwas/summary_statistics/GCST90257001-GCST90258000/GCST90257043/harmonised/GCST90257043.h.tsv.gz-meta.yaml	/data/opengwasdb/raw/ebi-gwas-catalog/GCST90257001-GCST90258000/GCST90257043/harmonised/GCST90257043.h.tsv.gz	/data/opengwasdb/raw/ebi-gwas-catalog/GCST90257001-GCST90258000/GCST90257043/harmonised/GCST90257043.h.tsv.gz-meta.yaml	87220852	1365	4c117539b8c37a9a899b24f33d42b59348c6083ef7db509eb127be99736ba9e4		quant_decile_2
GCST90267297	37106081	Reaction time (weighted GWA)	quantitative	101556	ok	https://ftp.ebi.ac.uk/pub/databases/gwas/summary_statistics/GCST90267001-GCST90268000/GCST90267297/harmonised/GCST90267297_buildGRCh37.h.tsv.gz	https://ftp.ebi.ac.uk/pub/databases/gwas/summary_statistics/GCST90267001-GCST90268000/GCST90267297/harmonised/GCST90267297_buildGRCh37.h.tsv.gz-meta.yaml	/data/opengwasdb/raw/ebi-gwas-catalog/GCST90267001-GCST90268000/GCST90267297/harmonised/GCST90267297_buildGRCh37.h.tsv.gz	/data/opengwasdb/raw/ebi-gwas-catalog/GCST90267001-GCST90268000/GCST90267297/harmonised/GCST90267297_buildGRCh37.h.tsv.gz-meta.yaml	169988303	2869	1849f87f691b02b0a7cc6a6d3738c1ca4b24fdbe1ad42430092d48e9d99c70e2		quant_decile_3
GCST90268141	37126556	Right ventricular end diastolic volume (adjusted without BSA and SBP)	quantitative	35941	ok	https://ftp.ebi.ac.uk/pub/databases/gwas/summary_statistics/GCST90268001-GCST90269000/GCST90268141/harmonised/GCST90268141.h.tsv.gz	https://ftp.ebi.ac.uk/pub/databases/gwas/summary_statistics/GCST90268001-GCST90269000/GCST90268141/harmonised/GCST90268141.h.tsv.gz-meta.yaml	/data/opengwasdb/raw/ebi-gwas-catalog/GCST90268001-GCST90269000/GCST90268141/harmonised/GCST90268141.h.tsv.gz	/data/opengwasdb/raw/ebi-gwas-catalog/GCST90268001-GCST90269000/GCST90268141/harmonised/GCST90268141.h.tsv.gz-meta.yaml	380367991	1471	2525b578056e0db1728556fed40e0625bd799db2157ba0f0fcdad5df68cc5d69		quant_decile_8
GCST90270866	36773317	Any infection (hospital admission)	case-control	700649	ok	https://ftp.ebi.ac.uk/pub/databases/gwas/summary_statistics/GCST90270001-GCST90271000/GCST90270866/harmonised/GCST90270866.h.tsv.gz	https://ftp.ebi.ac.uk/pub/databases/gwas/summary_statistics/GCST90270001-GCST90271000/GCST90270866/harmonised/GCST90270866.h.tsv.gz-meta.yaml	/data/opengwasdb/raw/ebi-gwas-catalog/GCST90270001-GCST90271000/GCST90270866/harmonised/GCST90270866.h.tsv.gz	/data/opengwasdb/raw/ebi-gwas-catalog/GCST90270001-GCST90271000/GCST90270866/harmonised/GCST90270866.h.tsv.gz-meta.yaml	310361185	1834	c5c32c0e5b8f80f4668dab190728d6820ee3d1c2d15ee9bde43f8863cf2e326a		case_control_decile_4
GCST90271757	37871108	Spontaneous preterm birth	case-control	98370	ok	https://ftp.ebi.ac.uk/pub/databases/gwas/summary_statistics/GCST90271001-GCST90272000/GCST90271757/harmonised/GCST90271757.h.tsv.gz	https://ftp.ebi.ac.uk/pub/databases/gwas/summary_statistics/GCST90271001-GCST90272000/GCST90271757/harmonised/GCST90271757.h.tsv.gz-meta.yaml	/data/opengwasdb/raw/ebi-gwas-catalog/GCST90271001-GCST90272000/GCST90271757/harmonised/GCST90271757.h.tsv.gz	/data/opengwasdb/raw/ebi-gwas-catalog/GCST90271001-GCST90272000/GCST90271757/harmonised/GCST90271757.h.tsv.gz-meta.yaml	248424	890	29d841686cd8c7f35cd5f8b66bf4e0fae69ccf5b8c23eb31e9cb9ea7e36a558d		case_control_decile_1
GCST90274811	37563310	Interleukin-2 receptor subunit beta levels	quantitative	11792	ok	https://ftp.ebi.ac.uk/pub/databases/gwas/summary_statistics/GCST90274001-GCST90275000/GCST90274811/harmonised/GCST90274811.h.tsv.gz	https://ftp.ebi.ac.uk/pub/databases/gwas/summary_statistics/GCST90274001-GCST90275000/GCST90274811/harmonised/GCST90274811.h.tsv.gz-meta.yaml	/data/opengwasdb/raw/ebi-gwas-catalog/GCST90274001-GCST90275000/GCST90274811/harmonised/GCST90274811.h.tsv.gz	/data/opengwasdb/raw/ebi-gwas-catalog/GCST90274001-GCST90275000/GCST90274811/harmonised/GCST90274811.h.tsv.gz-meta.yaml	343685891	802	1fe7b089845940e5a96496fd177e0b176722adee4edde71591cc0af903c2a9a4		quant_decile_7
GCST90274844	37563310	TNF-related activation-induced cytokine levels	quantitative	14736	ok	https://ftp.ebi.ac.uk/pub/databases/gwas/summary_statistics/GCST90274001-GCST90275000/GCST90274844/harmonised/GCST90274844.h.tsv.gz	https://ftp.ebi.ac.uk/pub/databases/gwas/summary_statistics/GCST90274001-GCST90275000/GCST90274844/harmonised/GCST90274844.h.tsv.gz-meta.yaml	/data/opengwasdb/raw/ebi-gwas-catalog/GCST90274001-GCST90275000/GCST90274844/harmonised/GCST90274844.h.tsv.gz	/data/opengwasdb/raw/ebi-gwas-catalog/GCST90274001-GCST90275000/GCST90274844/harmonised/GCST90274844.h.tsv.gz-meta.yaml	351535142	807	01f8cc8fdc79cc595c22054401a1811c0e3648cf9507e59bca60ef799c529932		quant_decile_7
GCST90281050	37326842	Persistence with methotrexate treatment at one year in early seronegative rheumatoid arthritis	case-control	665	ok	https://ftp.ebi.ac.uk/pub/databases/gwas/summary_statistics/GCST90281001-GCST90282000/GCST90281050/harmonised/GCST90281050.h.tsv.gz	https://ftp.ebi.ac.uk/pub/databases/gwas/summary_statistics/GCST90281001-GCST90282000/GCST90281050/harmonised/GCST90281050.h.tsv.gz-meta.yaml	/data/opengwasdb/raw/ebi-gwas-catalog/GCST90281001-GCST90282000/GCST90281050/harmonised/GCST90281050.h.tsv.gz	/data/opengwasdb/raw/ebi-gwas-catalog/GCST90281001-GCST90282000/GCST90281050/harmonised/GCST90281050.h.tsv.gz-meta.yaml	161237698	2542	80c494e3830c9a61f15a38f5cd079056477e315454c1d5fc002a4cdda71ba7ae		case_control_decile_2
GCST90281158	36716318	Endocarditis	case-control	486484	ok	https://ftp.ebi.ac.uk/pub/databases/gwas/summary_statistics/GCST90281001-GCST90282000/GCST90281158/harmonised/GCST90281158.h.tsv.gz	https://ftp.ebi.ac.uk/pub/databases/gwas/summary_statistics/GCST90281001-GCST90282000/GCST90281158/harmonised/GCST90281158.h.tsv.gz-meta.yaml	/data/opengwasdb/raw/ebi-gwas-catalog/GCST90281001-GCST90282000/GCST90281158/harmonised/GCST90281158.h.tsv.gz	/data/opengwasdb/raw/ebi-gwas-catalog/GCST90281001-GCST90282000/GCST90281158/harmonised/GCST90281158.h.tsv.gz-meta.yaml	519455643	1063	32cacab4c40993c54134482bdfe81327b275d6437b29b5d0aa10da04a9c96a68		case_control_decile_8
GCST90281164	36716318	Lower respiratory tract infection death	case-control	486484	ok	https://ftp.ebi.ac.uk/pub/databases/gwas/summary_statistics/GCST90281001-GCST90282000/GCST90281164/harmonised/GCST90281164.h.tsv.gz	https://ftp.ebi.ac.uk/pub/databases/gwas/summary_statistics/GCST90281001-GCST90282000/GCST90281164/harmonised/GCST90281164.h.tsv.gz-meta.yaml	/data/opengwasdb/raw/ebi-gwas-catalog/GCST90281001-GCST90282000/GCST90281164/harmonised/GCST90281164.h.tsv.gz	/data/opengwasdb/raw/ebi-gwas-catalog/GCST90281001-GCST90282000/GCST90281164/harmonised/GCST90281164.h.tsv.gz-meta.yaml	519045672	1108	cfdd459c5be985855cdbdc1213d8a4cedb7d1215da2f6be2a45d9044dec7173c		case_control_decile_7
GCST90309370	38965376	Handedness (confirmatory factor analysis Factor 36)	quantitative	302934	ok	https://ftp.ebi.ac.uk/pub/databases/gwas/summary_statistics/GCST90309001-GCST90310000/GCST90309370/harmonised/GCST90309370.h.tsv.gz	https://ftp.ebi.ac.uk/pub/databases/gwas/summary_statistics/GCST90309001-GCST90310000/GCST90309370/harmonised/GCST90309370.h.tsv.gz-meta.yaml	/data/opengwasdb/raw/ebi-gwas-catalog/GCST90309001-GCST90310000/GCST90309370/harmonised/GCST90309370.h.tsv.gz	/data/opengwasdb/raw/ebi-gwas-catalog/GCST90309001-GCST90310000/GCST90309370/harmonised/GCST90309370.h.tsv.gz-meta.yaml	679601808	2617	a343618faed8c8a9032eeedb4180d2ad0557d184f8b19341247ea1881a9ca26f		quant_decile_10
GCST90320273	39232002	Human milk oligosaccharide concentration (fucosyllacto-N-hexaose)	quantitative	980	ok	https://ftp.ebi.ac.uk/pub/databases/gwas/summary_statistics/GCST90320001-GCST90321000/GCST90320273/harmonised/GCST90320273.h.tsv.gz	https://ftp.ebi.ac.uk/pub/databases/gwas/summary_statistics/GCST90320001-GCST90321000/GCST90320273/harmonised/GCST90320273.h.tsv.gz-meta.yaml	/data/opengwasdb/raw/ebi-gwas-catalog/GCST90320001-GCST90321000/GCST90320273/harmonised/GCST90320273.h.tsv.gz	/data/opengwasdb/raw/ebi-gwas-catalog/GCST90320001-GCST90321000/GCST90320273/harmonised/GCST90320273.h.tsv.gz-meta.yaml	199894413	4192	97b23484a892414925f2159194782c765cb0d66808b3df7e62fc4112c7d6801f		quant_decile_3
GCST90399704	36777996	Gout	case-control	541131	ok	https://ftp.ebi.ac.uk/pub/databases/gwas/summary_statistics/GCST90399001-GCST90400000/GCST90399704/harmonised/GCST90399704.h.tsv.gz	https://ftp.ebi.ac.uk/pub/databases/gwas/summary_statistics/GCST90399001-GCST90400000/GCST90399704/harmonised/GCST90399704.h.tsv.gz-meta.yaml	/data/opengwasdb/raw/ebi-gwas-catalog/GCST90399001-GCST90400000/GCST90399704/harmonised/GCST90399704.h.tsv.gz	/data/opengwasdb/raw/ebi-gwas-catalog/GCST90399001-GCST90400000/GCST90399704/harmonised/GCST90399704.h.tsv.gz-meta.yaml	1178757655	1691	1993f4f823430e61cdfc29cd4bbe61299b2cfbe576203e9280926c41c8aca82f		case_control_decile_10
GCST90399706	36777996	Cardiomyopathy	case-control	922988	ok	https://ftp.ebi.ac.uk/pub/databases/gwas/summary_statistics/GCST90399001-GCST90400000/GCST90399706/harmonised/GCST90399706.h.tsv.gz	https://ftp.ebi.ac.uk/pub/databases/gwas/summary_statistics/GCST90399001-GCST90400000/GCST90399706/harmonised/GCST90399706.h.tsv.gz-meta.yaml	/data/opengwasdb/raw/ebi-gwas-catalog/GCST90399001-GCST90400000/GCST90399706/harmonised/GCST90399706.h.tsv.gz	/data/opengwasdb/raw/ebi-gwas-catalog/GCST90399001-GCST90400000/GCST90399706/harmonised/GCST90399706.h.tsv.gz-meta.yaml	1025407461	1308	21895150b1299c0f2b03c9e15cfcbf22e0d9891ef60556c9e5e5d3a53f2f68ad		case_control_decile_10
GCST90399738	36777996	Thyroid cancer	case-control	617933	ok	https://ftp.ebi.ac.uk/pub/databases/gwas/summary_statistics/GCST90399001-GCST90400000/GCST90399738/harmonised/GCST90399738.h.tsv.gz	https://ftp.ebi.ac.uk/pub/databases/gwas/summary_statistics/GCST90399001-GCST90400000/GCST90399738/harmonised/GCST90399738.h.tsv.gz-meta.yaml	/data/opengwasdb/raw/ebi-gwas-catalog/GCST90399001-GCST90400000/GCST90399738/harmonised/GCST90399738.h.tsv.gz	/data/opengwasdb/raw/ebi-gwas-catalog/GCST90399001-GCST90400000/GCST90399738/harmonised/GCST90399738.h.tsv.gz-meta.yaml	1025214548	1510	9f0086532cf9d7842f7a1695ca0fa8ef92846e79e20b24acf9644af8f3397fdb		case_control_decile_9
GCST90399745	36777996	Venous thromboembolism	case-control	1063277	ok	https://ftp.ebi.ac.uk/pub/databases/gwas/summary_statistics/GCST90399001-GCST90400000/GCST90399745/harmonised/GCST90399745.h.tsv.gz	https://ftp.ebi.ac.uk/pub/databases/gwas/summary_statistics/GCST90399001-GCST90400000/GCST90399745/harmonised/GCST90399745.h.tsv.gz-meta.yaml	/data/opengwasdb/raw/ebi-gwas-catalog/GCST90399001-GCST90400000/GCST90399745/harmonised/GCST90399745.h.tsv.gz	/data/opengwasdb/raw/ebi-gwas-catalog/GCST90399001-GCST90400000/GCST90399745/harmonised/GCST90399745.h.tsv.gz-meta.yaml	1421192560	1713	9805bf3f4fa294cdb5eb404a85b6f2e28d2cdbf35435317ea24588e92cb762d9		case_control_decile_10
GCST90428601	39406924	Gout	case-control	302431	ok	https://ftp.ebi.ac.uk/pub/databases/gwas/summary_statistics/GCST90428001-GCST90429000/GCST90428601/harmonised/GCST90428601.h.tsv.gz	https://ftp.ebi.ac.uk/pub/databases/gwas/summary_statistics/GCST90428001-GCST90429000/GCST90428601/harmonised/GCST90428601.h.tsv.gz-meta.yaml	/data/opengwasdb/raw/ebi-gwas-catalog/GCST90428001-GCST90429000/GCST90428601/harmonised/GCST90428601.h.tsv.gz	/data/opengwasdb/raw/ebi-gwas-catalog/GCST90428001-GCST90429000/GCST90428601/harmonised/GCST90428601.h.tsv.gz-meta.yaml	352409121	802	b5024852bc7f5d62f4a6e8d0037d580e0cdcd0a39a7690b1aa9449a8f03a4a14		case_control_decile_5
GCST90435139	39715278	COVID-19 (severe vs non-severe with positive test)	case-control	634	ok	https://ftp.ebi.ac.uk/pub/databases/gwas/summary_statistics/GCST90435001-GCST90436000/GCST90435139/harmonised/GCST90435139.h.tsv.gz	https://ftp.ebi.ac.uk/pub/databases/gwas/summary_statistics/GCST90435001-GCST90436000/GCST90435139/harmonised/GCST90435139.h.tsv.gz-meta.yaml	/data/opengwasdb/raw/ebi-gwas-catalog/GCST90435001-GCST90436000/GCST90435139/harmonised/GCST90435139.h.tsv.gz	/data/opengwasdb/raw/ebi-gwas-catalog/GCST90435001-GCST90436000/GCST90435139/harmonised/GCST90435139.h.tsv.gz-meta.yaml	327768225	1384	ca68d8732594d1b592ec9cbf931e0198df5e23e1a7a3471d6bde11b936b1c2dd		case_control_decile_5
GCST90444373	39250132	Alzheimer's disease	case-control	1152284	ok	https://ftp.ebi.ac.uk/pub/databases/gwas/summary_statistics/GCST90444001-GCST90445000/GCST90444373/harmonised/GCST90444373.h.tsv.gz	https://ftp.ebi.ac.uk/pub/databases/gwas/summary_statistics/GCST90444001-GCST90445000/GCST90444373/harmonised/GCST90444373.h.tsv.gz-meta.yaml	/data/opengwasdb/raw/ebi-gwas-catalog/GCST90444001-GCST90445000/GCST90444373/harmonised/GCST90444373.h.tsv.gz	/data/opengwasdb/raw/ebi-gwas-catalog/GCST90444001-GCST90445000/GCST90444373/harmonised/GCST90444373.h.tsv.gz-meta.yaml	18375138	693	d7a867e87dce029176ea100cc0617a88412f26d06028feb6b1c062050b6930c8		case_control_decile_1
GCST90446768	39505872	Retinal arterial vascular density	quantitative	68249	ok	https://ftp.ebi.ac.uk/pub/databases/gwas/summary_statistics/GCST90446001-GCST90447000/GCST90446768/harmonised/GCST90446768.h.tsv.gz	https://ftp.ebi.ac.uk/pub/databases/gwas/summary_statistics/GCST90446001-GCST90447000/GCST90446768/harmonised/GCST90446768.h.tsv.gz-meta.yaml	/data/opengwasdb/raw/ebi-gwas-catalog/GCST90446001-GCST90447000/GCST90446768/harmonised/GCST90446768.h.tsv.gz	/data/opengwasdb/raw/ebi-gwas-catalog/GCST90446001-GCST90447000/GCST90446768/harmonised/GCST90446768.h.tsv.gz-meta.yaml	608829458	1192	92064ab4df8ff73bd75d4d1121f91d1d6c76887d9b57a75b79ca4a81e7cd2c68		quant_decile_9
GCST90446774	39505872	Retinal vasculature number of bifurcations	quantitative	67751	ok	https://ftp.ebi.ac.uk/pub/databases/gwas/summary_statistics/GCST90446001-GCST90447000/GCST90446774/harmonised/GCST90446774.h.tsv.gz	https://ftp.ebi.ac.uk/pub/databases/gwas/summary_statistics/GCST90446001-GCST90447000/GCST90446774/harmonised/GCST90446774.h.tsv.gz-meta.yaml	/data/opengwasdb/raw/ebi-gwas-catalog/GCST90446001-GCST90447000/GCST90446774/harmonised/GCST90446774.h.tsv.gz	/data/opengwasdb/raw/ebi-gwas-catalog/GCST90446001-GCST90447000/GCST90446774/harmonised/GCST90446774.h.tsv.gz-meta.yaml	608873193	1201	29461faad889d016c900a1e8f246087d8f2d5b54fe5b90897054549b17ac6c9b		quant_decile_10
GCST90446781	39505872	Central retinal vein equivalent	quantitative	8142	ok	https://ftp.ebi.ac.uk/pub/databases/gwas/summary_statistics/GCST90446001-GCST90447000/GCST90446781/harmonised/GCST90446781.h.tsv.gz	https://ftp.ebi.ac.uk/pub/databases/gwas/summary_statistics/GCST90446001-GCST90447000/GCST90446781/harmonised/GCST90446781.h.tsv.gz-meta.yaml	/data/opengwasdb/raw/ebi-gwas-catalog/GCST90446001-GCST90447000/GCST90446781/harmonised/GCST90446781.h.tsv.gz	/data/opengwasdb/raw/ebi-gwas-catalog/GCST90446001-GCST90447000/GCST90446781/harmonised/GCST90446781.h.tsv.gz-meta.yaml	258352416	835	e4b241f53d28e990768624a73ce7828a93126512d127afaaf454e47f8e9d172a		explicit_edge_case
GCST90454215	40069456	ICD10 N83.0, N83.1, N83.2: Ovarian cyst, including follicular cyst, corpus luteum cyst, and other/unspecified ovarian cyst	case-control	232058	ok	https://ftp.ebi.ac.uk/pub/databases/gwas/summary_statistics/GCST90454001-GCST90455000/GCST90454215/harmonised/GCST90454215.h.tsv.gz	https://ftp.ebi.ac.uk/pub/databases/gwas/summary_statistics/GCST90454001-GCST90455000/GCST90454215/harmonised/GCST90454215.h.tsv.gz-meta.yaml	/data/opengwasdb/raw/ebi-gwas-catalog/GCST90454001-GCST90455000/GCST90454215/harmonised/GCST90454215.h.tsv.gz	/data/opengwasdb/raw/ebi-gwas-catalog/GCST90454001-GCST90455000/GCST90454215/harmonised/GCST90454215.h.tsv.gz-meta.yaml	601684877	1165	cd1bd478f3cb2ecb8e4b582fa5f116acd7a7388aa005b25d2e42b1b8475c771c		case_control_decile_8
GCST90454231	40069456	ICD10 O12: Gestational oedema and proteinuria without hypertension	case-control	289609	ok	https://ftp.ebi.ac.uk/pub/databases/gwas/summary_statistics/GCST90454001-GCST90455000/GCST90454231/harmonised/GCST90454231.h.tsv.gz	https://ftp.ebi.ac.uk/pub/databases/gwas/summary_statistics/GCST90454001-GCST90455000/GCST90454231/harmonised/GCST90454231.h.tsv.gz-meta.yaml	/data/opengwasdb/raw/ebi-gwas-catalog/GCST90454001-GCST90455000/GCST90454231/harmonised/GCST90454231.h.tsv.gz	/data/opengwasdb/raw/ebi-gwas-catalog/GCST90454001-GCST90455000/GCST90454231/harmonised/GCST90454231.h.tsv.gz-meta.yaml	609703188	1108	2b1a8f80cfe00050e83b49312f4eb20be840223425b5a26d4a7d50106b5891a4		case_control_decile_8
GCST90454243	40069456	ICD10 O73: Retained placenta and membranes, without haemorrhage	case-control	265562	ok	https://ftp.ebi.ac.uk/pub/databases/gwas/summary_statistics/GCST90454001-GCST90455000/GCST90454243/harmonised/GCST90454243.h.tsv.gz	https://ftp.ebi.ac.uk/pub/databases/gwas/summary_statistics/GCST90454001-GCST90455000/GCST90454243/harmonised/GCST90454243.h.tsv.gz-meta.yaml	/data/opengwasdb/raw/ebi-gwas-catalog/GCST90454001-GCST90455000/GCST90454243/harmonised/GCST90454243.h.tsv.gz	/data/opengwasdb/raw/ebi-gwas-catalog/GCST90454001-GCST90455000/GCST90454243/harmonised/GCST90454243.h.tsv.gz-meta.yaml	609869540	1105	47d12621f0a659d4741f90807275deff6b8a967700e3ac99fb3446af286b8ae2		case_control_decile_9
GCST90454346	32424353	Breast cancer (luminal B)	case-control	91477	ok	https://ftp.ebi.ac.uk/pub/databases/gwas/summary_statistics/GCST90454001-GCST90455000/GCST90454346/harmonised/GCST90454346.h.tsv.gz	https://ftp.ebi.ac.uk/pub/databases/gwas/summary_statistics/GCST90454001-GCST90455000/GCST90454346/harmonised/GCST90454346.h.tsv.gz-meta.yaml	/data/opengwasdb/raw/ebi-gwas-catalog/GCST90454001-GCST90455000/GCST90454346/harmonised/GCST90454346.h.tsv.gz	/data/opengwasdb/raw/ebi-gwas-catalog/GCST90454001-GCST90455000/GCST90454346/harmonised/GCST90454346.h.tsv.gz-meta.yaml	726692683	1604	016dbece70de465bb9b78270618f1c888b8a87b300dc4c5579499a7009a1658d		case_control_decile_9
GCST90472778	39663699	Diastolic blood pressure	quantitative	174014	ok	https://ftp.ebi.ac.uk/pub/databases/gwas/summary_statistics/GCST90472001-GCST90473000/GCST90472778/harmonised/GCST90472778.h.tsv.gz	https://ftp.ebi.ac.uk/pub/databases/gwas/summary_statistics/GCST90472001-GCST90473000/GCST90472778/harmonised/GCST90472778.h.tsv.gz-meta.yaml	/data/opengwasdb/raw/ebi-gwas-catalog/GCST90472001-GCST90473000/GCST90472778/harmonised/GCST90472778.h.tsv.gz	/data/opengwasdb/raw/ebi-gwas-catalog/GCST90472001-GCST90473000/GCST90472778/harmonised/GCST90472778.h.tsv.gz-meta.yaml	469307367	871	73d3dd9d220e271dca4a57e521b51d7ee8b16ccbcf3a9b280df595817934a761		quant_decile_9
GCST90472810	38527140	White matter integrity (fractional anisotropy)	quantitative	36533	ok	https://ftp.ebi.ac.uk/pub/databases/gwas/summary_statistics/GCST90472001-GCST90473000/GCST90472810/harmonised/GCST90472810.h.tsv.gz	https://ftp.ebi.ac.uk/pub/databases/gwas/summary_statistics/GCST90472001-GCST90473000/GCST90472810/harmonised/GCST90472810.h.tsv.gz-meta.yaml	/data/opengwasdb/raw/ebi-gwas-catalog/GCST90472001-GCST90473000/GCST90472810/harmonised/GCST90472810.h.tsv.gz	/data/opengwasdb/raw/ebi-gwas-catalog/GCST90472001-GCST90473000/GCST90472810/harmonised/GCST90472810.h.tsv.gz-meta.yaml	434961852	725	f44b5814984109c2cc43f1b82ea1d746b827216b0de268ec7e1aa9ef71a31a77		quant_decile_8
GCST90483500	40229599	Polycystic ovary syndrome	case-control	444734	ok	https://ftp.ebi.ac.uk/pub/databases/gwas/summary_statistics/GCST90483001-GCST90484000/GCST90483500/harmonised/GCST90483500.h.tsv.gz	https://ftp.ebi.ac.uk/pub/databases/gwas/summary_statistics/GCST90483001-GCST90484000/GCST90483500/harmonised/GCST90483500.h.tsv.gz-meta.yaml	/data/opengwasdb/raw/ebi-gwas-catalog/GCST90483001-GCST90484000/GCST90483500/harmonised/GCST90483500.h.tsv.gz	/data/opengwasdb/raw/ebi-gwas-catalog/GCST90483001-GCST90484000/GCST90483500/harmonised/GCST90483500.h.tsv.gz-meta.yaml	226335980	961	db3408ab979b70be86e63aff228938994a35964867c95a4f1dd5e1622589c95e		case_control_decile_3
GCST90502911	40216759	Body mass index	quantitative	88873	ok	https://ftp.ebi.ac.uk/pub/databases/gwas/summary_statistics/GCST90502001-GCST90503000/GCST90502911/harmonised/GCST90502911.h.tsv.gz	https://ftp.ebi.ac.uk/pub/databases/gwas/summary_statistics/GCST90502001-GCST90503000/GCST90502911/harmonised/GCST90502911.h.tsv.gz-meta.yaml	/data/opengwasdb/raw/ebi-gwas-catalog/GCST90502001-GCST90503000/GCST90502911/harmonised/GCST90502911.h.tsv.gz	/data/opengwasdb/raw/ebi-gwas-catalog/GCST90502001-GCST90503000/GCST90502911/harmonised/GCST90502911.h.tsv.gz-meta.yaml	4048742665	1820	9477ada280c06d4ae6b92af6c22de22ed2a6b47de0f746d24ddb92feb3a6b1c6		quant_decile_10
GCST90502916	40468967	CD34+ cell frequency in peripheral blood following G-CSF mobilization	quantitative	564	ok	https://ftp.ebi.ac.uk/pub/databases/gwas/summary_statistics/GCST90502001-GCST90503000/GCST90502916/harmonised/GCST90502916.h.tsv.gz	https://ftp.ebi.ac.uk/pub/databases/gwas/summary_statistics/GCST90502001-GCST90503000/GCST90502916/harmonised/GCST90502916.h.tsv.gz-meta.yaml	/data/opengwasdb/raw/ebi-gwas-catalog/GCST90502001-GCST90503000/GCST90502916/harmonised/GCST90502916.h.tsv.gz	/data/opengwasdb/raw/ebi-gwas-catalog/GCST90502001-GCST90503000/GCST90502916/harmonised/GCST90502916.h.tsv.gz-meta.yaml	45016417	1151	6aed935eb78fb03d3f878b74cefa84774a7aaf618a47c3f3156642d044e9f4c9		quant_decile_1
GCST90503108	40164604	Atopic dermatitis	case-control	658426	ok	https://ftp.ebi.ac.uk/pub/databases/gwas/summary_statistics/GCST90503001-GCST90504000/GCST90503108/harmonised/GCST90503108.h.tsv.gz	https://ftp.ebi.ac.uk/pub/databases/gwas/summary_statistics/GCST90503001-GCST90504000/GCST90503108/harmonised/GCST90503108.h.tsv.gz-meta.yaml	/data/opengwasdb/raw/ebi-gwas-catalog/GCST90503001-GCST90504000/GCST90503108/harmonised/GCST90503108.h.tsv.gz	/data/opengwasdb/raw/ebi-gwas-catalog/GCST90503001-GCST90504000/GCST90503108/harmonised/GCST90503108.h.tsv.gz-meta.yaml	2939978887	3946	23cb1e52ffec5522321e3f5c9ef4b18ede059bec6094e610880f4a9203188018		case_control_decile_10
GCST90559190	41054853	Average radial strain on AHA 4	quantitative	32066	ok	https://ftp.ebi.ac.uk/pub/databases/gwas/summary_statistics/GCST90559001-GCST90560000/GCST90559190/harmonised/GCST90559190.h.tsv.gz	https://ftp.ebi.ac.uk/pub/databases/gwas/summary_statistics/GCST90559001-GCST90560000/GCST90559190/harmonised/GCST90559190.h.tsv.gz-meta.yaml	/data/opengwasdb/raw/ebi-gwas-catalog/GCST90559001-GCST90560000/GCST90559190/harmonised/GCST90559190.h.tsv.gz	/data/opengwasdb/raw/ebi-gwas-catalog/GCST90559001-GCST90560000/GCST90559190/harmonised/GCST90559190.h.tsv.gz-meta.yaml	4822134	3611	9967b2717f08ca8c4458b471f27ca54c10f66dce104d2824418202305177c97d		quant_decile_1
GCST90565871	40858613	Major depressive disorder x sex interaction (full X chromosome dosage compensation)	case-control	486982	ok	https://ftp.ebi.ac.uk/pub/databases/gwas/summary_statistics/GCST90565001-GCST90566000/GCST90565871/harmonised/GCST90565871.h.tsv.gz	https://ftp.ebi.ac.uk/pub/databases/gwas/summary_statistics/GCST90565001-GCST90566000/GCST90565871/harmonised/GCST90565871.h.tsv.gz-meta.yaml	/data/opengwasdb/raw/ebi-gwas-catalog/GCST90565001-GCST90566000/GCST90565871/harmonised/GCST90565871.h.tsv.gz	/data/opengwasdb/raw/ebi-gwas-catalog/GCST90565001-GCST90566000/GCST90565871/harmonised/GCST90565871.h.tsv.gz-meta.yaml	329444995	4115	cd25e71f21e7072bf6d1446b60c293df8eec6cff4c1f40161901c0ca04ae45d4		explicit_edge_case
GCST90565872	40858613	Major depressive disorder x sex interaction (no X chromosome dosage compensation)	case-control	486982	ok	https://ftp.ebi.ac.uk/pub/databases/gwas/summary_statistics/GCST90565001-GCST90566000/GCST90565872/harmonised/GCST90565872.h.tsv.gz	https://ftp.ebi.ac.uk/pub/databases/gwas/summary_statistics/GCST90565001-GCST90566000/GCST90565872/harmonised/GCST90565872.h.tsv.gz-meta.yaml	/data/opengwasdb/raw/ebi-gwas-catalog/GCST90565001-GCST90566000/GCST90565872/harmonised/GCST90565872.h.tsv.gz	/data/opengwasdb/raw/ebi-gwas-catalog/GCST90565001-GCST90566000/GCST90565872/harmonised/GCST90565872.h.tsv.gz-meta.yaml	329444995	4164	cd25e71f21e7072bf6d1446b60c293df8eec6cff4c1f40161901c0ca04ae45d4		explicit_edge_case
GCST90566698	40360725	Household income	quantitative	327402	ok	https://ftp.ebi.ac.uk/pub/databases/gwas/summary_statistics/GCST90566001-GCST90567000/GCST90566698/harmonised/GCST90566698.h.tsv.gz	https://ftp.ebi.ac.uk/pub/databases/gwas/summary_statistics/GCST90566001-GCST90567000/GCST90566698/harmonised/GCST90566698.h.tsv.gz-meta.yaml	/data/opengwasdb/raw/ebi-gwas-catalog/GCST90566001-GCST90567000/GCST90566698/harmonised/GCST90566698.h.tsv.gz	/data/opengwasdb/raw/ebi-gwas-catalog/GCST90566001-GCST90567000/GCST90566698/harmonised/GCST90566698.h.tsv.gz-meta.yaml	469231360	1281	75ddc1da0c3769ebe2f8e65225b54226a734135c16b1c4897ff7e35e3f05105e		quant_decile_8
GCST90566705	40360725	Social deprivation	quantitative	440350	ok	https://ftp.ebi.ac.uk/pub/databases/gwas/summary_statistics/GCST90566001-GCST90567000/GCST90566705/harmonised/GCST90566705.h.tsv.gz	https://ftp.ebi.ac.uk/pub/databases/gwas/summary_statistics/GCST90566001-GCST90567000/GCST90566705/harmonised/GCST90566705.h.tsv.gz-meta.yaml	/data/opengwasdb/raw/ebi-gwas-catalog/GCST90566001-GCST90567000/GCST90566705/harmonised/GCST90566705.h.tsv.gz	/data/opengwasdb/raw/ebi-gwas-catalog/GCST90566001-GCST90567000/GCST90566705/harmonised/GCST90566705.h.tsv.gz-meta.yaml	576539048	1494	087da72857e893e6f744baad4cd6f96574325c87353712a6d85c10f7de7200b5		quant_decile_9
GCST90566707	40360725	General factor of Socioeconomic status	quantitative	665662	ok	https://ftp.ebi.ac.uk/pub/databases/gwas/summary_statistics/GCST90566001-GCST90567000/GCST90566707/harmonised/GCST90566707.h.tsv.gz	https://ftp.ebi.ac.uk/pub/databases/gwas/summary_statistics/GCST90566001-GCST90567000/GCST90566707/harmonised/GCST90566707.h.tsv.gz-meta.yaml	/data/opengwasdb/raw/ebi-gwas-catalog/GCST90566001-GCST90567000/GCST90566707/harmonised/GCST90566707.h.tsv.gz	/data/opengwasdb/raw/ebi-gwas-catalog/GCST90566001-GCST90567000/GCST90566707/harmonised/GCST90566707.h.tsv.gz-meta.yaml	419981150	1391	0e5a0cd959658c8a64d8db371a136b4dddb4ba6cd5a5a47b50edb0fa3a4312fc		quant_decile_8
GCST90566741	39927731	Estimated glomerular filtration rate based on creatinine (2009 formula) in chronic kidney disease	quantitative	23016	ok	https://ftp.ebi.ac.uk/pub/databases/gwas/summary_statistics/GCST90566001-GCST90567000/GCST90566741/harmonised/GCST90566741.h.tsv.gz	https://ftp.ebi.ac.uk/pub/databases/gwas/summary_statistics/GCST90566001-GCST90567000/GCST90566741/harmonised/GCST90566741.h.tsv.gz-meta.yaml	/data/opengwasdb/raw/ebi-gwas-catalog/GCST90566001-GCST90567000/GCST90566741/harmonised/GCST90566741.h.tsv.gz	/data/opengwasdb/raw/ebi-gwas-catalog/GCST90566001-GCST90567000/GCST90566741/harmonised/GCST90566741.h.tsv.gz-meta.yaml	336417003	908	9d12e296292c7bf86fae503596f37c0b4d02a493a9322d04ede52a987b9ff3a2		quant_decile_7
GCST90566755	39927731	Estimated glomerular filtration rate based on creatinine and cystatin C in top 1% of individuals by creatinine levels	quantitative	4017	ok	https://ftp.ebi.ac.uk/pub/databases/gwas/summary_statistics/GCST90566001-GCST90567000/GCST90566755/harmonised/GCST90566755.h.tsv.gz	https://ftp.ebi.ac.uk/pub/databases/gwas/summary_statistics/GCST90566001-GCST90567000/GCST90566755/harmonised/GCST90566755.h.tsv.gz-meta.yaml	/data/opengwasdb/raw/ebi-gwas-catalog/GCST90566001-GCST90567000/GCST90566755/harmonised/GCST90566755.h.tsv.gz	/data/opengwasdb/raw/ebi-gwas-catalog/GCST90566001-GCST90567000/GCST90566755/harmonised/GCST90566755.h.tsv.gz-meta.yaml	336310299	927	8afb1f0bfc96e9764ec5a0c4a2cf8ee1e7aba968add23bb3d432fe250e928c5c		quant_decile_6
GCST90572714	35113692	Dorsolateral prefrontal area	quantitative	32488	ok	https://ftp.ebi.ac.uk/pub/databases/gwas/summary_statistics/GCST90572001-GCST90573000/GCST90572714/harmonised/GCST90572714.h.tsv.gz	https://ftp.ebi.ac.uk/pub/databases/gwas/summary_statistics/GCST90572001-GCST90573000/GCST90572714/harmonised/GCST90572714.h.tsv.gz-meta.yaml	/data/opengwasdb/raw/ebi-gwas-catalog/GCST90572001-GCST90573000/GCST90572714/harmonised/GCST90572714.h.tsv.gz	/data/opengwasdb/raw/ebi-gwas-catalog/GCST90572001-GCST90573000/GCST90572714/harmonised/GCST90572714.h.tsv.gz-meta.yaml	233547591	860	dd0103f695408407f31a22d043a03f509d7a26d3f7dfc6b19bf2247d70546d5c		quant_decile_4
GCST90572735	40849414	Strabismus	case-control	975385	ok	https://ftp.ebi.ac.uk/pub/databases/gwas/summary_statistics/GCST90572001-GCST90573000/GCST90572735/harmonised/GCST90572735.h.tsv.gz	https://ftp.ebi.ac.uk/pub/databases/gwas/summary_statistics/GCST90572001-GCST90573000/GCST90572735/harmonised/GCST90572735.h.tsv.gz-meta.yaml	/data/opengwasdb/raw/ebi-gwas-catalog/GCST90572001-GCST90573000/GCST90572735/harmonised/GCST90572735.h.tsv.gz	/data/opengwasdb/raw/ebi-gwas-catalog/GCST90572001-GCST90573000/GCST90572735/harmonised/GCST90572735.h.tsv.gz-meta.yaml	573721773	640	feaafdbab1ce4f4a22b95d2aea122dbc1faadc84831054c2acf1e2da6ddd32ce		case_control_decile_8
GCST90624411	40645996	Atrial fibrillation	case-control	2584013	ok	https://ftp.ebi.ac.uk/pub/databases/gwas/summary_statistics/GCST90624001-GCST90625000/GCST90624411/harmonised/GCST90624411.h.tsv.gz	https://ftp.ebi.ac.uk/pub/databases/gwas/summary_statistics/GCST90624001-GCST90625000/GCST90624411/harmonised/GCST90624411.h.tsv.gz-meta.yaml	/data/opengwasdb/raw/ebi-gwas-catalog/GCST90624001-GCST90625000/GCST90624411/harmonised/GCST90624411.h.tsv.gz	/data/opengwasdb/raw/ebi-gwas-catalog/GCST90624001-GCST90625000/GCST90624411/harmonised/GCST90624411.h.tsv.gz-meta.yaml	1720310142	1218	d883b43c524ec179232d055435071d4125f2bb1abbeffa19d3bb3d924d2ddeeb		case_control_decile_10
GCST90624704	41062462	Body mass index	quantitative	128703	ok	https://ftp.ebi.ac.uk/pub/databases/gwas/summary_statistics/GCST90624001-GCST90625000/GCST90624704/harmonised/GCST90624704.h.tsv.gz	https://ftp.ebi.ac.uk/pub/databases/gwas/summary_statistics/GCST90624001-GCST90625000/GCST90624704/harmonised/GCST90624704.h.tsv.gz-meta.yaml	/data/opengwasdb/raw/ebi-gwas-catalog/GCST90624001-GCST90625000/GCST90624704/harmonised/GCST90624704.h.tsv.gz	/data/opengwasdb/raw/ebi-gwas-catalog/GCST90624001-GCST90625000/GCST90624704/harmonised/GCST90624704.h.tsv.gz-meta.yaml	388828307	1717	9d21dc27c45ae82cc497c7b8ca013807265caa5c80f977a77e4748e6a17f06b3		explicit_edge_case
GCST90624705	41062462	Body mass index	quantitative	67832	ok	https://ftp.ebi.ac.uk/pub/databases/gwas/summary_statistics/GCST90624001-GCST90625000/GCST90624705/harmonised/GCST90624705.h.tsv.gz	https://ftp.ebi.ac.uk/pub/databases/gwas/summary_statistics/GCST90624001-GCST90625000/GCST90624705/harmonised/GCST90624705.h.tsv.gz-meta.yaml	/data/opengwasdb/raw/ebi-gwas-catalog/GCST90624001-GCST90625000/GCST90624705/harmonised/GCST90624705.h.tsv.gz	/data/opengwasdb/raw/ebi-gwas-catalog/GCST90624001-GCST90625000/GCST90624705/harmonised/GCST90624705.h.tsv.gz-meta.yaml	388828307	1714	9d21dc27c45ae82cc497c7b8ca013807265caa5c80f977a77e4748e6a17f06b3		explicit_edge_case
GCST90627763	41644669	Thyroid cancer	case-control	2106366	ok	https://ftp.ebi.ac.uk/pub/databases/gwas/summary_statistics/GCST90627001-GCST90628000/GCST90627763/harmonised/GCST90627763.h.tsv.gz	https://ftp.ebi.ac.uk/pub/databases/gwas/summary_statistics/GCST90627001-GCST90628000/GCST90627763/harmonised/GCST90627763.h.tsv.gz-meta.yaml	/data/opengwasdb/raw/ebi-gwas-catalog/GCST90627001-GCST90628000/GCST90627763/harmonised/GCST90627763.h.tsv.gz	/data/opengwasdb/raw/ebi-gwas-catalog/GCST90627001-GCST90628000/GCST90627763/harmonised/GCST90627763.h.tsv.gz-meta.yaml	496244063	901	07a610a1f41985eace8e505daefc1eac11a76719274d208e12ad5bc5d26d4787		case_control_decile_7
GCST90627767	41644669	Graves' disease	case-control	1804785	ok	https://ftp.ebi.ac.uk/pub/databases/gwas/summary_statistics/GCST90627001-GCST90628000/GCST90627767/harmonised/GCST90627767.h.tsv.gz	https://ftp.ebi.ac.uk/pub/databases/gwas/summary_statistics/GCST90627001-GCST90628000/GCST90627767/harmonised/GCST90627767.h.tsv.gz-meta.yaml	/data/opengwasdb/raw/ebi-gwas-catalog/GCST90627001-GCST90628000/GCST90627767/harmonised/GCST90627767.h.tsv.gz	/data/opengwasdb/raw/ebi-gwas-catalog/GCST90627001-GCST90628000/GCST90627767/harmonised/GCST90627767.h.tsv.gz-meta.yaml	470909661	1844	d9153616d9b162e1de3032a283013f9795bc0982616fe9a0d8f5c82f91a1347d		case_control_decile_7
GCST90627773	41644669	Thyroid cancer vs benign nodular goiter	case-control	31572	ok	https://ftp.ebi.ac.uk/pub/databases/gwas/summary_statistics/GCST90627001-GCST90628000/GCST90627773/harmonised/GCST90627773.h.tsv.gz	https://ftp.ebi.ac.uk/pub/databases/gwas/summary_statistics/GCST90627001-GCST90628000/GCST90627773/harmonised/GCST90627773.h.tsv.gz-meta.yaml	/data/opengwasdb/raw/ebi-gwas-catalog/GCST90627001-GCST90628000/GCST90627773/harmonised/GCST90627773.h.tsv.gz	/data/opengwasdb/raw/ebi-gwas-catalog/GCST90627001-GCST90628000/GCST90627773/harmonised/GCST90627773.h.tsv.gz-meta.yaml	285740293	1878	9137595c0632e82193c42f047395c0e33c907695869c7357f8c09e7e001381bd		case_control_decile_4
GCST90628007	40593737	Odor identification (banana)	quantitative	10136	ok	https://ftp.ebi.ac.uk/pub/databases/gwas/summary_statistics/GCST90628001-GCST90629000/GCST90628007/harmonised/GCST90628007.h.tsv.gz	https://ftp.ebi.ac.uk/pub/databases/gwas/summary_statistics/GCST90628001-GCST90629000/GCST90628007/harmonised/GCST90628007.h.tsv.gz-meta.yaml	/data/opengwasdb/raw/ebi-gwas-catalog/GCST90628001-GCST90629000/GCST90628007/harmonised/GCST90628007.h.tsv.gz	/data/opengwasdb/raw/ebi-gwas-catalog/GCST90628001-GCST90629000/GCST90628007/harmonised/GCST90628007.h.tsv.gz-meta.yaml	491148898	637	ba626b1de729f3e099e95273ff1f66569616b77883c45ed140757c9d882dbb63		quant_decile_9
GCST90651074	41419685	Aortic stenosis	case-control	1984229	ok	https://ftp.ebi.ac.uk/pub/databases/gwas/summary_statistics/GCST90651001-GCST90652000/GCST90651074/harmonised/GCST90651074.h.tsv.gz	https://ftp.ebi.ac.uk/pub/databases/gwas/summary_statistics/GCST90651001-GCST90652000/GCST90651074/harmonised/GCST90651074.h.tsv.gz-meta.yaml	/data/opengwasdb/raw/ebi-gwas-catalog/GCST90651001-GCST90652000/GCST90651074/harmonised/GCST90651074.h.tsv.gz	/data/opengwasdb/raw/ebi-gwas-catalog/GCST90651001-GCST90652000/GCST90651074/harmonised/GCST90651074.h.tsv.gz-meta.yaml	78639342	971	0e56b6c5a2cb81486590fc48269bfbe57872eff344646efa9ede74ae88fed744		case_control_decile_2
GCST90664487	39986329	Female genital tract polyps	case-control	457977	ok	https://ftp.ebi.ac.uk/pub/databases/gwas/summary_statistics/GCST90664001-GCST90665000/GCST90664487/harmonised/GCST90664487.h.tsv.gz	https://ftp.ebi.ac.uk/pub/databases/gwas/summary_statistics/GCST90664001-GCST90665000/GCST90664487/harmonised/GCST90664487.h.tsv.gz-meta.yaml	/data/opengwasdb/raw/ebi-gwas-catalog/GCST90664001-GCST90665000/GCST90664487/harmonised/GCST90664487.h.tsv.gz	/data/opengwasdb/raw/ebi-gwas-catalog/GCST90664001-GCST90665000/GCST90664487/harmonised/GCST90664487.h.tsv.gz-meta.yaml	376211819	805	a82f5adebf3a199ce3fd61153c4fe5c43ef57d33043a28486bcc006d4c9c2f14		case_control_decile_6
GCST90797586	41760662	Right ventricular end systolic volume	quantitative	56225	ok	https://ftp.ebi.ac.uk/pub/databases/gwas/summary_statistics/GCST90797001-GCST90798000/GCST90797586/harmonised/GCST90797586.h.tsv.gz	https://ftp.ebi.ac.uk/pub/databases/gwas/summary_statistics/GCST90797001-GCST90798000/GCST90797586/harmonised/GCST90797586.h.tsv.gz-meta.yaml	/data/opengwasdb/raw/ebi-gwas-catalog/GCST90797001-GCST90798000/GCST90797586/harmonised/GCST90797586.h.tsv.gz	/data/opengwasdb/raw/ebi-gwas-catalog/GCST90797001-GCST90798000/GCST90797586/harmonised/GCST90797586.h.tsv.gz-meta.yaml	986975574	1106	dfad7bf2b15869154850b7e5f557f5cfa5ac111ded3a1332f015f24db82264b5		quant_decile_10
GCST90809806	41882355	Epstein-Barr virus DNA load in saliva	quantitative	16282	ok	https://ftp.ebi.ac.uk/pub/databases/gwas/summary_statistics/GCST90809001-GCST90810000/GCST90809806/harmonised/GCST90809806.h.tsv.gz	https://ftp.ebi.ac.uk/pub/databases/gwas/summary_statistics/GCST90809001-GCST90810000/GCST90809806/harmonised/GCST90809806.h.tsv.gz-meta.yaml	/data/opengwasdb/raw/ebi-gwas-catalog/GCST90809001-GCST90810000/GCST90809806/harmonised/GCST90809806.h.tsv.gz	/data/opengwasdb/raw/ebi-gwas-catalog/GCST90809001-GCST90810000/GCST90809806/harmonised/GCST90809806.h.tsv.gz-meta.yaml	400077613	1924	937c416e21113bc02d99038351583620ee00f76893f467213b61bd384d887b69		quant_decile_8
GCST90827693	42017882	Heart failure progression (time to cardiovascular mortality or heart failure hospitalisation)	quantitative	50364	ok	https://ftp.ebi.ac.uk/pub/databases/gwas/summary_statistics/GCST90827001-GCST90828000/GCST90827693/harmonised/GCST90827693.h.tsv.gz	https://ftp.ebi.ac.uk/pub/databases/gwas/summary_statistics/GCST90827001-GCST90828000/GCST90827693/harmonised/GCST90827693.h.tsv.gz-meta.yaml	/data/opengwasdb/raw/ebi-gwas-catalog/GCST90827001-GCST90828000/GCST90827693/harmonised/GCST90827693.h.tsv.gz	/data/opengwasdb/raw/ebi-gwas-catalog/GCST90827001-GCST90828000/GCST90827693/harmonised/GCST90827693.h.tsv.gz-meta.yaml	303214688	1701	a961927bf9205610bbc64bc5048cfbbaa6bdcbcffc2f89d0cbbff5ec0cb0a7a3		quant_decile_6
GCST90832110	41238566	Glaucoma (primary angle closure)	case-control	797502	ok	https://ftp.ebi.ac.uk/pub/databases/gwas/summary_statistics/GCST90832001-GCST90833000/GCST90832110/harmonised/GCST90832110.h.tsv.gz	https://ftp.ebi.ac.uk/pub/databases/gwas/summary_statistics/GCST90832001-GCST90833000/GCST90832110/harmonised/GCST90832110.h.tsv.gz-meta.yaml	/data/opengwasdb/raw/ebi-gwas-catalog/GCST90832001-GCST90833000/GCST90832110/harmonised/GCST90832110.h.tsv.gz	/data/opengwasdb/raw/ebi-gwas-catalog/GCST90832001-GCST90833000/GCST90832110/harmonised/GCST90832110.h.tsv.gz-meta.yaml	188439656	1329	ead4970fc33991f2de53fb970bc2137fbf8af2a1f86adad97f661f8606c9ec40		case_control_decile_2
GCST90836776	41619350	Total desmosterol to total cholesterol ratio	quantitative	6309	ok	https://ftp.ebi.ac.uk/pub/databases/gwas/summary_statistics/GCST90836001-GCST90837000/GCST90836776/harmonised/GCST90836776.h.tsv.gz	https://ftp.ebi.ac.uk/pub/databases/gwas/summary_statistics/GCST90836001-GCST90837000/GCST90836776/harmonised/GCST90836776.h.tsv.gz-meta.yaml	/data/opengwasdb/raw/ebi-gwas-catalog/GCST90836001-GCST90837000/GCST90836776/harmonised/GCST90836776.h.tsv.gz	/data/opengwasdb/raw/ebi-gwas-catalog/GCST90836001-GCST90837000/GCST90836776/harmonised/GCST90836776.h.tsv.gz-meta.yaml	331238372	738	804c537ebf57d41b8c1648c32b92b9776695291e6580d145d6a713bb01ae956f		quant_decile_6
GCST90841074	42230966	Major depressive disorder	case-control	64941	ok	https://ftp.ebi.ac.uk/pub/databases/gwas/summary_statistics/GCST90841001-GCST90842000/GCST90841074/harmonised/GCST90841074.h.tsv.gz	https://ftp.ebi.ac.uk/pub/databases/gwas/summary_statistics/GCST90841001-GCST90842000/GCST90841074/harmonised/GCST90841074.h.tsv.gz-meta.yaml	/data/opengwasdb/raw/ebi-gwas-catalog/GCST90841001-GCST90842000/GCST90841074/harmonised/GCST90841074.h.tsv.gz	/data/opengwasdb/raw/ebi-gwas-catalog/GCST90841001-GCST90842000/GCST90841074/harmonised/GCST90841074.h.tsv.gz-meta.yaml	206373467	1185	f578e3066dd556608e4a018017bc8dc84baf522282ba97661147ec3a214e3735		case_control_decile_2
GCST90859377	40899795	Post-surgical neuropathic pain	case-control	13600	ok	https://ftp.ebi.ac.uk/pub/databases/gwas/summary_statistics/GCST90859001-GCST90860000/GCST90859377/harmonised/GCST90859377.h.tsv.gz	https://ftp.ebi.ac.uk/pub/databases/gwas/summary_statistics/GCST90859001-GCST90860000/GCST90859377/harmonised/GCST90859377.h.tsv.gz-meta.yaml	/data/opengwasdb/raw/ebi-gwas-catalog/GCST90859001-GCST90860000/GCST90859377/harmonised/GCST90859377.h.tsv.gz	/data/opengwasdb/raw/ebi-gwas-catalog/GCST90859001-GCST90860000/GCST90859377/harmonised/GCST90859377.h.tsv.gz-meta.yaml	848498172	842	ba4e4970c153123eaec2f4f970c153a1d04f5ebd12a44546d386515b8c0d443c		case_control_decile_9
